# OBJ written from E:\migrations\square-ottoman-bench-001\square-ottoman-bench-001.obj
# Units	meters

o cushion
v 0.217661 0.304594 -0.217151
v 0.206625 0.385629 -0.206624
v 0.221774 0.339023 -0.221263
v 0.220885 0.321763 -0.220374
v 0.22021 0.356282 -0.2197
v 0.215718 0.368536 -0.215207
v 0.197191 0.37004 -0.218372
v 0.198946 0.300512 -0.220316
v 0.202659 0.337949 -0.224428
v 0.201857 0.319181 -0.223539
v 0.201247 0.356716 -0.222865
v 0.169838 0.385629 -0.206624
v 0.220316 0.300512 -0.19482
v 0.218372 0.37004 -0.193101
v 0.224428 0.337949 -0.198456
v 0.222865 0.356716 -0.197074
v 0.223539 0.319181 -0.19767
v 0.206625 0.385629 -0.165058
v 0.114364 0.404222 -0.110953
v 0.214481 0.375385 -0.214481
v 0.198946 0.375385 -0.214481
v 0.214481 0.375385 -0.19482
v 0.211827 0.374933 -0.211316
v 0.215329 0.374933 -0.214818
v 0.198946 0.376996 -0.214481
v 0.19684 0.376996 -0.217983
v 0.217983 0.376996 -0.192757
v 0.214481 0.376996 -0.19482
v 0.195528 0.372162 -0.21653
v 0.21653 0.372162 -0.191473
v 0.213876 0.370487 -0.213366
v 0.179676 0.394585 -0.175949
v 0.179615 0.300512 -0.198909
v 0.198909 0.300512 -0.198909
v 0.198909 0.300512 -0.17589
v 0.179615 0.300512 -0.17589
v 0.217195 0.37004 -0.218372
v 0.21687 0.376996 -0.217983
v 0.21379 0.376996 -0.214481
v 0.202856 0.375385 -0.214481
v 0.214735 0.372162 -0.21653
v 0.221058 0.356716 -0.222865
v 0.222415 0.337949 -0.224428
v 0.221706 0.319181 -0.223539
v 0.218587 0.300512 -0.220316
v 0.220316 0.300512 -0.218412
v 0.224428 0.337949 -0.22278
v 0.223539 0.319181 -0.221982
v 0.222865 0.356716 -0.221253
v 0.21653 0.372162 -0.21375
v 0.218372 0.37004 -0.215466
v 0.217983 0.376996 -0.214932
v 0.214481 0.375385 -0.203153
v 0.214481 0.376996 -0.212568
v -0.217661 0.304594 -0.217151
v -0.206625 0.385629 -0.206624
v -0.221774 0.339023 -0.221263
v -0.220885 0.321763 -0.220374
v -0.22021 0.356282 -0.2197
v -0.215718 0.368536 -0.215207
v -0.197191 0.37004 -0.218372
v -0.198946 0.300512 -0.220316
v 0 0.300512 -0.220316
v -0.202659 0.337949 -0.224428
v 0 0.337949 -0.224428
v -0.201857 0.319181 -0.223539
v 0 0.319181 -0.223539
v -0.201247 0.356716 -0.222865
v 0 0.356716 -0.222865
v -0.169838 0.385629 -0.206624
v 0 0.385629 -0.206624
v -0.220316 0.300512 -0.19482
v -0.218372 0.37004 -0.193101
v 0 0.37004 -0.218372
v -0.224428 0.337949 -0.198456
v -0.222865 0.356716 -0.197074
v -0.223539 0.319181 -0.19767
v -0.206625 0.385629 -0.165058
v -0.114364 0.404222 -0.110953
v 0 0.394844 -0.175949
v -0.214481 0.375385 -0.214481
v -0.198946 0.375385 -0.214481
v 0 0.375385 -0.214481
v -0.214481 0.375385 -0.19482
v -0.211827 0.374933 -0.211316
v -0.215329 0.374933 -0.214818
v -0.198946 0.376996 -0.214481
v -0.19684 0.376996 -0.217983
v 0 0.376996 -0.217983
v -0.217983 0.376996 -0.192757
v 0 0.376996 -0.214481
v -0.214481 0.376996 -0.19482
v 0 0.372162 -0.21653
v -0.195528 0.372162 -0.21653
v -0.21653 0.372162 -0.191473
v -0.213876 0.370487 -0.213366
v 0 0.405217 -0.110396
v -0.179676 0.394585 -0.175949
v -0.179615 0.300512 -0.198909
v 0 0.300512 -0.198909
v -0.198909 0.300512 -0.198909
v -0.198909 0.300512 -0.17589
v 0 0.300512 -0.17589
v -0.179615 0.300512 -0.17589
v -0.217195 0.37004 -0.218372
v -0.21687 0.376996 -0.217983
v -0.21379 0.376996 -0.214481
v -0.202856 0.375385 -0.214481
v -0.214735 0.372162 -0.21653
v -0.221058 0.356716 -0.222865
v -0.222415 0.337949 -0.224428
v -0.221706 0.319181 -0.223539
v -0.218587 0.300512 -0.220316
v -0.220316 0.300512 -0.218412
v -0.224428 0.337949 -0.22278
v -0.223539 0.319181 -0.221982
v -0.222865 0.356716 -0.221253
v -0.21653 0.372162 -0.21375
v -0.218372 0.37004 -0.215466
v -0.217983 0.376996 -0.214932
v -0.214481 0.375385 -0.203153
v -0.214481 0.376996 -0.212568
v 0.217661 0.304594 0.217151
v 0.206625 0.385629 0.206624
v 0.221774 0.339023 0.221263
v 0.220885 0.321763 0.220374
v 0.22021 0.356282 0.2197
v 0.215718 0.368536 0.215207
v 0.197191 0.37004 0.218372
v 0.198946 0.300512 0.220316
v 0.202659 0.337949 0.224428
v 0.201857 0.319181 0.223539
v 0.201247 0.356716 0.222865
v 0.169838 0.385629 0.206624
v 0.220316 0.300512 0.19482
v 0.220316 0.300512 0
v 0.218372 0.37004 0.193101
v 0.218372 0.37004 0
v 0.224428 0.337949 0.198456
v 0.224428 0.337949 0
v 0.222865 0.356716 0.197074
v 0.222865 0.356716 0
v 0.223539 0.319181 0.19767
v 0.223539 0.319181 0
v 0.206625 0.385629 0.165058
v 0.206625 0.385629 0
v 0.114364 0.404222 0.110953
v 0.114017 0.405896 0
v 0.214481 0.375385 0.214481
v 0.198946 0.375385 0.214481
v 0.214481 0.375385 0
v 0.214481 0.375385 0.19482
v 0.211827 0.374933 0.211316
v 0.215329 0.374933 0.214818
v 0.198946 0.376996 0.214481
v 0.19684 0.376996 0.217983
v 0.217983 0.376996 0
v 0.217983 0.376996 0.192757
v 0.214481 0.376996 0
v 0.214481 0.376996 0.19482
v 0.21653 0.372162 0
v 0.195528 0.372162 0.21653
v 0.21653 0.372162 0.191473
v 0.213876 0.370487 0.213366
v 0.179676 0.402399 0
v 0.179676 0.394585 0.175949
v 0.179615 0.300512 0.198909
v 0.198909 0.300512 0.198909
v 0.198909 0.300512 0
v 0.198909 0.300512 0.17589
v 0.179615 0.300512 0.17589
v 0.179615 0.300512 0
v 0.217195 0.37004 0.218372
v 0.21687 0.376996 0.217983
v 0.21379 0.376996 0.214481
v 0.202856 0.375385 0.214481
v 0.214735 0.372162 0.21653
v 0.221058 0.356716 0.222865
v 0.222415 0.337949 0.224428
v 0.221706 0.319181 0.223539
v 0.218587 0.300512 0.220316
v 0.220316 0.300512 0.218412
v 0.224428 0.337949 0.22278
v 0.223539 0.319181 0.221982
v 0.222865 0.356716 0.221253
v 0.21653 0.372162 0.21375
v 0.218372 0.37004 0.215466
v 0.217983 0.376996 0.214932
v 0.214481 0.375385 0.203153
v 0.214481 0.376996 0.212568
v -0.217661 0.304594 0.217151
v -0.206625 0.385629 0.206624
v -0.221774 0.339023 0.221263
v -0.220885 0.321763 0.220374
v -0.22021 0.356282 0.2197
v -0.215718 0.368536 0.215207
v -0.197191 0.37004 0.218372
v -0.198946 0.300512 0.220316
v 0 0.300512 0.220316
v -0.202659 0.337949 0.224428
v 0 0.337949 0.224428
v -0.201857 0.319181 0.223539
v 0 0.319181 0.223539
v -0.201247 0.356716 0.222865
v 0 0.356716 0.222865
v -0.169838 0.385629 0.206624
v 0 0.385629 0.206624
v -0.220316 0.300512 0.19482
v -0.220316 0.300512 0
v -0.218372 0.37004 0.193101
v 0 0.37004 0.218372
v -0.218372 0.37004 0
v -0.224428 0.337949 0.198456
v -0.224428 0.337949 0
v -0.222865 0.356716 0.197074
v -0.222865 0.356716 0
v -0.223539 0.319181 0.19767
v -0.223539 0.319181 0
v -0.206625 0.385629 0.165058
v -0.206625 0.385629 0
v -0.114364 0.404222 0.110953
v -0.114017 0.405896 0
v 0 0.394844 0.175949
v 0 0.420843 0
v -0.214481 0.375385 0.214481
v -0.198946 0.375385 0.214481
v 0 0.375385 0.214481
v -0.214481 0.375385 0
v -0.214481 0.375385 0.19482
v -0.211827 0.374933 0.211316
v -0.215329 0.374933 0.214818
v -0.198946 0.376996 0.214481
v -0.19684 0.376996 0.217983
v 0 0.376996 0.217983
v -0.217983 0.376996 0
v -0.217983 0.376996 0.192757
v 0 0.376996 0.214481
v -0.214481 0.376996 0
v -0.214481 0.376996 0.19482
v -0.21653 0.372162 0
v 0 0.372162 0.21653
v -0.195528 0.372162 0.21653
v -0.21653 0.372162 0.191473
v -0.213876 0.370487 0.213366
v 0 0.405217 0.110396
v -0.179676 0.402399 0
v -0.179676 0.394585 0.175949
v -0.179615 0.300512 0.198909
v 0 0.300512 0.198909
v -0.198909 0.300512 0.198909
v -0.198909 0.300512 0
v -0.198909 0.300512 0.17589
v 0 0.300512 0
v 0 0.300512 0.17589
v -0.179615 0.300512 0.17589
v -0.179615 0.300512 0
v -0.217195 0.37004 0.218372
v -0.21687 0.376996 0.217983
v -0.21379 0.376996 0.214481
v -0.202856 0.375385 0.214481
v -0.214735 0.372162 0.21653
v -0.221058 0.356716 0.222865
v -0.222415 0.337949 0.224428
v -0.221706 0.319181 0.223539
v -0.218587 0.300512 0.220316
v -0.220316 0.300512 0.218412
v -0.224428 0.337949 0.22278
v -0.223539 0.319181 0.221982
v -0.222865 0.356716 0.221253
v -0.21653 0.372162 0.21375
v -0.218372 0.37004 0.215466
v -0.217983 0.376996 0.214932
v -0.214481 0.375385 0.203153
v -0.214481 0.376996 0.212568
vn 0 -0.764893 -0.644157
vn 0.711085 -0.702946 0.015001
vn 0.0096136 -0.999657 -0.0243487
vn 0 -1 0
vn 0.375903 -0.926659 0
vn 0.687083 0.726579 0
vn 0.99405 -0.108927 0
vn 0.644157 -0.764893 0
vn -0.089154 -0.674161 -0.733184
vn 0.466799 -0.150714 -0.871426
vn 0 0.233965 -0.972245
vn 0.767351 0.31399 -0.559091
vn 0.772808 0.0254665 -0.634129
vn 0 0.017879 -0.99984
vn 0 -0.926659 -0.375903
vn 0 0.726579 -0.687083
vn 0.799282 -0.143583 -0.583551
vn 0.582973 0.0301601 -0.811932
vn 0.59797 -0.159339 -0.785521
vn 0 -0.108927 -0.99405
vn 0.501548 0.0263895 -0.864727
vn 0.99984 0.017879 0
vn 0.440073 0.335423 -0.832963
vn 0.972245 0.233965 0
vn 0.319331 0.892224 -0.319316
vn 0 0.786523 -0.617561
vn 0.176948 0.967146 -0.182533
vn 0.62882 0.777551 0
vn 0.512161 -0.852228 -0.106769
vn 0.558534 0.342165 -0.755621
vn 0.433864 -0.806166 -0.402317
vn -0.321308 0.946975 0
vn -0.707107 0.707107 0
vn 0 0.974931 -0.222506
vn 0 0.822973 -0.568081
vn 0 -0.851453 -0.524431
vn 0.25027 -0.867313 -0.430271
vn 0.440692 -0.707339 -0.552686
vn 0.569452 0.283027 0.771764
vn 0 0.707107 0.707107
vn 0 0.946965 0.321337
vn 0 0.60859 -0.793485
vn 0.524431 -0.851453 0
vn 0.0496176 0.997178 -0.0563434
vn 4.33709e-19 0.988954 -0.148226
vn 0 1 0
vn 0.0916518 0.995791 0
vn 0.300258 0.953858 0
vn 0.671781 0.74075 0
vn 0.793522 0.608541 0
vn 0.728272 0.684902 0.0229839
vn -0.151236 -0.378437 -0.913189
vn -0.689713 0.280793 -0.667421
vn 0.180553 0.696614 -0.694356
vn 0.562799 0.774124 -0.289808
vn 0.624003 -0.492391 -0.606771
vn 0.395092 -0.86013 -0.322612
vn 0.15042 -0.931009 -0.33256
vn 0.407321 -0.904054 -0.129526
vn -0.0096136 -0.999657 -0.0243487
vn -0.711085 -0.702946 0.015001
vn -0.375903 -0.926659 0
vn -0.687083 0.726579 0
vn -0.99405 -0.108927 0
vn -0.466799 -0.150714 -0.871426
vn 0.089154 -0.674161 -0.733184
vn -0.644157 -0.764893 0
vn -0.772808 0.0254665 -0.634129
vn -0.767351 0.31399 -0.559091
vn -0.799282 -0.143583 -0.583551
vn -0.59797 -0.159339 -0.785521
vn -0.582973 0.0301601 -0.811932
vn -0.99984 0.017879 0
vn -0.501548 0.0263895 -0.864727
vn -0.972245 0.233965 0
vn -0.440073 0.335423 -0.832963
vn -0.319331 0.892224 -0.319316
vn -0.62882 0.777551 0
vn -0.176948 0.967146 -0.182533
vn -0.512161 -0.852228 -0.106769
vn -0.433864 -0.806166 -0.402317
vn -0.558534 0.342165 -0.755621
vn 0.321308 0.946975 0
vn 0.707107 0.707107 0
vn -0.25027 -0.867313 -0.430271
vn -0.440692 -0.707339 -0.552686
vn -0.569452 0.283027 0.771764
vn -0.524431 -0.851453 0
vn -0.0496176 0.997178 -0.0563434
vn -0.0916518 0.995791 0
vn -0.300258 0.953858 0
vn -0.671781 0.74075 0
vn -0.793522 0.608541 0
vn -0.728272 0.684902 0.0229839
vn 0.151236 -0.378437 -0.913189
vn -0.562799 0.774124 -0.289808
vn -0.180553 0.696614 -0.694356
vn 0.689713 0.280793 -0.667421
vn -0.624003 -0.492391 -0.606771
vn -0.15042 -0.931009 -0.33256
vn -0.395092 -0.86013 -0.322612
vn -0.407321 -0.904054 -0.129526
vn 0 -0.764893 0.644157
vn 0.0096136 -0.999657 0.0243487
vn 0.711085 -0.702946 -0.015001
vn 0.466799 -0.150714 0.871426
vn -0.089154 -0.674161 0.733184
vn 0 0.233965 0.972245
vn 0 0.017879 0.99984
vn 0.772808 0.0254665 0.634129
vn 0.767351 0.31399 0.559091
vn 0 -0.926659 0.375903
vn 0 0.726579 0.687083
vn 0.799282 -0.143583 0.583551
vn 0.59797 -0.159339 0.785521
vn 0.582973 0.0301601 0.811932
vn 0 -0.108927 0.99405
vn 0.501548 0.0263895 0.864727
vn 0.440073 0.335423 0.832963
vn 0.319331 0.892224 0.319316
vn 0.176948 0.967146 0.182533
vn 0 0.786523 0.617561
vn 0.512161 -0.852228 0.106769
vn 0.433864 -0.806166 0.402317
vn 0.558534 0.342165 0.755621
vn 0 0.974931 0.222506
vn 0 0.822973 0.568081
vn 0.25027 -0.867313 0.430271
vn 0 -0.851453 0.524431
vn 0.440692 -0.707339 0.552686
vn 0 0.707107 -0.707107
vn 0.569452 0.283027 -0.771764
vn 0 0.60859 0.793485
vn 0 0.946965 -0.321337
vn 0.0496176 0.997178 0.0563434
vn 4.33709e-19 0.988954 0.148226
vn 0.728272 0.684902 -0.0229839
vn -0.151236 -0.378437 0.913189
vn 0.562799 0.774124 0.289808
vn 0.180553 0.696614 0.694356
vn -0.689713 0.280793 0.667421
vn 0.624003 -0.492391 0.606771
vn 0.15042 -0.931009 0.33256
vn 0.395092 -0.86013 0.322612
vn 0.407321 -0.904054 0.129526
vn -0.711085 -0.702946 -0.015001
vn -0.0096136 -0.999657 0.0243487
vn 0.089154 -0.674161 0.733184
vn -0.466799 -0.150714 0.871426
vn -0.767351 0.31399 0.559091
vn -0.772808 0.0254665 0.634129
vn -0.799282 -0.143583 0.583551
vn -0.582973 0.0301601 0.811932
vn -0.59797 -0.159339 0.785521
vn -0.501548 0.0263895 0.864727
vn -0.440073 0.335423 0.832963
vn -0.319331 0.892224 0.319316
vn -0.176948 0.967146 0.182533
vn -0.512161 -0.852228 0.106769
vn -0.558534 0.342165 0.755621
vn -0.433864 -0.806166 0.402317
vn -0.25027 -0.867313 0.430271
vn -0.440692 -0.707339 0.552686
vn -0.569452 0.283027 -0.771764
vn -0.0496176 0.997178 0.0563434
vn -0.728272 0.684902 -0.0229839
vn 0.151236 -0.378437 0.913189
vn 0.689713 0.280793 0.667421
vn -0.180553 0.696614 0.694356
vn -0.562799 0.774124 0.289808
vn -0.624003 -0.492391 0.606771
vn -0.395092 -0.86013 0.322612
vn -0.15042 -0.931009 0.33256
vn -0.407321 -0.904054 0.129526
vt 0.635785 0.670275
vt 0.637211 0.682699
vt 0.621215 0.671054
vt 0.620824 0.656925
vt 0.805902 0.415408
vt 0.805902 0.294388
vt 0.809908 0.294388
vt 0.809908 0.415408
vt 0.7477 0.321311
vt 0.735825 0.321311
vt 0.735825 0.305949
vt 0.7477 0.305949
vt 0.770902 0.286967
vt 0.770902 0.300219
vt 0.75927 0.300219
vt 0.75927 0.286967
vt 0.805902 0.266413
vt 0.805902 0.142829
vt 0.809908 0.142829
vt 0.809908 0.266413
vt 0.7477 0.300219
vt 0.75927 0.303244
vt 0.7477 0.303244
vt 0.7477 0.286967
vt 0.735825 0.300219
vt 0.735825 0.286967
vt 0.75927 0.305949
vt 0.75927 0.321311
vt 0.770902 0.305949
vt 0.770902 0.321311
vt 0.931392 0.703796
vt 0.931875 0.728057
vt 0.910493 0.72149
vt 0.903815 0.702272
vt 0.782129 0.305949
vt 0.770902 0.303244
vt 0.782129 0.303244
vt 0.924231 0.694215
vt 0.792547 0.690197
vt 0.792561 0.689107
vt 0.924264 0.693121
vt 0.909542 0.842511
vt 0.931173 0.842786
vt 0.75927 0.154552
vt 0.7477 0.154552
vt 0.770902 0.154552
vt 0.735825 0.154552
vt 0.782129 0.286967
vt 0.782129 0.300219
vt 0.782129 0.154552
vt 0.633898 0.68385
vt 0.632773 0.687013
vt 0.939976 0.696941
vt 0.94177 0.708386
vt 0.940677 0.708382
vt 0.940251 0.705515
vt 0.770902 0.450979
vt 0.75927 0.450979
vt 0.7477 0.450979
vt 0.782129 0.321311
vt 0.782129 0.450979
vt 0.735825 0.450979
vt 0.866057 0.765131
vt 0.864817 0.841943
vt 0.790571 0.840994
vt 0.791552 0.764469
vt 0.63552 0.531856
vt 0.620627 0.531857
vt 0.617643 0.685475
vt 0.482139 0.685242
vt 0.482138 0.670354
vt 0.604575 0.670529
vt 0.792139 0.720315
vt 0.792427 0.698932
vt 0.939906 0.842896
vt 0.930095 0.694947
vt 0.809908 0.277285
vt 0.812998 0.266413
vt 0.812998 0.277285
vt 0.812998 0.279799
vt 0.812998 0.281873
vt 0.809908 0.281873
vt 0.809908 0.279799
vt 0.812998 0.142829
vt 0.812998 0.415408
vt 0.812998 0.294388
vt 0.940996 0.84291
vt 0.938584 0.696637
vt 0.937292 0.695007
vt 0.939805 0.693433
vt 0.805902 0.279799
vt 0.805902 0.277285
vt 0.805902 0.281873
vt 0.784305 0.321311
vt 0.784305 0.450979
vt 0.784305 0.305949
vt 0.784305 0.154552
vt 0.784305 0.286967
vt 0.784305 0.300219
vt 0.784305 0.303244
vt 0.604673 0.657
vt 0.604622 0.531857
vt 0.482137 0.656947
vt 0.48213 0.531863
vt 0.735825 0.303244
vt 0.63578 0.393434
vt 0.620818 0.406785
vt 0.621207 0.392654
vt 0.637216 0.381002
vt 0.798399 0.141469
vt 0.794392 0.141469
vt 0.794392 0.0204478
vt 0.798399 0.0204478
vt 0.692223 0.580648
vt 0.692223 0.59601
vt 0.680348 0.59601
vt 0.680348 0.580648
vt 0.770902 0.0221366
vt 0.75927 0.0221366
vt 0.75927 0.00888455
vt 0.770902 0.00888455
vt 0.805902 0.0192455
vt 0.809908 0.0192455
vt 0.7477 0.00888455
vt 0.7477 0.00585938
vt 0.75927 0.00585938
vt 0.7477 0.0221366
vt 0.735825 0.0221366
vt 0.735825 0.00888455
vt 0.703792 0.580648
vt 0.703792 0.59601
vt 0.715425 0.580648
vt 0.715425 0.59601
vt 0.927883 0.981826
vt 0.900238 0.982621
vt 0.907414 0.963563
vt 0.928974 0.957544
vt 0.726652 0.59601
vt 0.726652 0.598715
vt 0.715425 0.598715
vt 0.92044 0.991226
vt 0.920443 0.992321
vt 0.788652 0.992812
vt 0.788666 0.991722
vt 0.782129 0.00888455
vt 0.782129 0.0221366
vt 0.633902 0.379848
vt 0.632777 0.376682
vt 0.938375 0.977468
vt 0.936368 0.98891
vt 0.9368 0.980315
vt 0.937281 0.977445
vt 0.703792 0.45098
vt 0.715425 0.45098
vt 0.692223 0.45098
vt 0.726652 0.45098
vt 0.726652 0.580648
vt 0.680348 0.45098
vt 0.864101 0.918767
vt 0.78961 0.917501
vt 0.617632 0.37823
vt 0.604566 0.39318
vt 0.482124 0.393371
vt 0.482123 0.378482
vt 0.78905 0.961628
vt 0.788778 0.982994
vt 0.926349 0.990665
vt 0.809908 0.00837392
vt 0.812998 0.00837392
vt 0.812998 0.0192455
vt 0.791302 0.00585938
vt 0.794392 0.00585938
vt 0.794392 0.00793357
vt 0.791302 0.00793357
vt 0.791302 0.141469
vt 0.791302 0.0204478
vt 0.934942 0.989201
vt 0.93624 0.992595
vt 0.933587 0.990835
vt 0.805902 0.00837392
vt 0.805902 0.00585938
vt 0.809908 0.00585938
vt 0.798399 0.00793357
vt 0.728827 0.45098
vt 0.728827 0.580648
vt 0.728827 0.59601
vt 0.784305 0.0221366
vt 0.782129 0.00585938
vt 0.784305 0.00585938
vt 0.784305 0.00888455
vt 0.604665 0.40671
vt 0.482124 0.406778
vt 0.812998 0.00585938
vt 0.770902 0.00585938
vt 0.735825 0.00585938
vt 0.692223 0.598715
vt 0.680348 0.598715
vt 0.703792 0.598715
vt 0.798399 0.00585938
vt 0.728827 0.598715
vt 0.328481 0.670292
vt 0.343443 0.656941
vt 0.343054 0.671072
vt 0.327044 0.682724
vt 0.809908 0.536429
vt 0.805902 0.536429
vt 0.7477 0.580648
vt 0.7477 0.59601
vt 0.735825 0.59601
vt 0.735825 0.580648
vt 0.715425 0.0221393
vt 0.703792 0.0221393
vt 0.703792 0.00888729
vt 0.715425 0.00888729
vt 0.798399 0.537635
vt 0.794392 0.537635
vt 0.794392 0.41405
vt 0.798399 0.41405
vt 0.692223 0.00888729
vt 0.692223 0.00586212
vt 0.703792 0.00586212
vt 0.692223 0.0221393
vt 0.680348 0.0221393
vt 0.680348 0.00888729
vt 0.75927 0.580648
vt 0.75927 0.59601
vt 0.770902 0.580648
vt 0.770902 0.59601
vt 0.653124 0.70005
vt 0.680838 0.699266
vt 0.673644 0.71835
vt 0.652049 0.724383
vt 0.782129 0.59601
vt 0.782129 0.598715
vt 0.770902 0.598715
vt 0.660614 0.690642
vt 0.660612 0.689546
vt 0.671559 0.839522
vt 0.649914 0.839265
vt 0.703792 0.154554
vt 0.692223 0.154554
vt 0.715425 0.154554
vt 0.680348 0.154554
vt 0.726652 0.00888729
vt 0.726652 0.0221393
vt 0.726652 0.154554
vt 0.330359 0.683878
vt 0.331484 0.687044
vt 0.642622 0.704444
vt 0.644559 0.692956
vt 0.644183 0.70158
vt 0.643716 0.704465
vt 0.782129 0.580648
vt 0.717009 0.76319
vt 0.716309 0.840064
vt 0.32874 0.53187
vt 0.343633 0.531869
vt 0.34663 0.685497
vt 0.359696 0.670546
vt 0.641174 0.839161
vt 0.654669 0.691182
vt 0.794392 0.548506
vt 0.791302 0.548506
vt 0.791302 0.537635
vt 0.812998 0.551017
vt 0.809908 0.551017
vt 0.809908 0.548943
vt 0.812998 0.548943
vt 0.791302 0.41405
vt 0.812998 0.536429
vt 0.640083 0.839148
vt 0.646007 0.69264
vt 0.644537 0.689107
vt 0.647381 0.690968
vt 0.798399 0.548506
vt 0.798399 0.551021
vt 0.794392 0.551021
vt 0.805902 0.548943
vt 0.784305 0.580648
vt 0.784305 0.59601
vt 0.728827 0.0221393
vt 0.728827 0.154554
vt 0.726652 0.00586212
vt 0.728827 0.00586212
vt 0.728827 0.00888729
vt 0.359638 0.531869
vt 0.359597 0.657016
vt 0.791302 0.551021
vt 0.715425 0.00586212
vt 0.680348 0.00586212
vt 0.7477 0.598715
vt 0.735825 0.598715
vt 0.75927 0.598715
vt 0.805902 0.551017
vt 0.784305 0.598715
vt 0.328472 0.39345
vt 0.327044 0.381026
vt 0.343043 0.392671
vt 0.343434 0.4068
vt 0.798399 0.262491
vt 0.794392 0.262491
vt 0.692223 0.321312
vt 0.680348 0.321312
vt 0.680348 0.30595
vt 0.692223 0.30595
vt 0.715425 0.286968
vt 0.715425 0.30022
vt 0.703792 0.30022
vt 0.703792 0.286968
vt 0.798399 0.290465
vt 0.794392 0.290465
vt 0.692223 0.30022
vt 0.703792 0.303245
vt 0.692223 0.303245
vt 0.692223 0.286968
vt 0.680348 0.30022
vt 0.680348 0.286968
vt 0.703792 0.30595
vt 0.703792 0.321312
vt 0.715425 0.30595
vt 0.715425 0.321312
vt 0.649857 0.978291
vt 0.649342 0.954028
vt 0.670731 0.96057
vt 0.677431 0.979782
vt 0.726652 0.30595
vt 0.715425 0.303245
vt 0.726652 0.303245
vt 0.657033 0.987861
vt 0.657002 0.988954
vt 0.726652 0.286968
vt 0.726652 0.30022
vt 0.330358 0.379874
vt 0.331482 0.37671
vt 0.641282 0.985159
vt 0.639469 0.973715
vt 0.640563 0.973719
vt 0.640994 0.976585
vt 0.726652 0.321312
vt 0.715119 0.916886
vt 0.346616 0.378248
vt 0.359684 0.393196
vt 0.651167 0.987138
vt 0.794392 0.279594
vt 0.791302 0.290465
vt 0.791302 0.279594
vt 0.791302 0.277079
vt 0.791302 0.275005
vt 0.794392 0.275005
vt 0.794392 0.277079
vt 0.791302 0.262491
vt 0.642675 0.98546
vt 0.643969 0.987088
vt 0.641459 0.988665
vt 0.798399 0.277079
vt 0.798399 0.279594
vt 0.798399 0.275005
vt 0.728827 0.321312
vt 0.728827 0.30595
vt 0.728827 0.286968
vt 0.728827 0.30022
vt 0.728827 0.303245
vt 0.359586 0.406724
vt 0.680348 0.303245
mtllib square-ottoman-bench-001.mtl
usemtl _null_
g Default
f 8/1/1 45/2/2 34/3/3 33/4/4
f 138/5/5 14/6/5 27/7/6 157/8/6
f 17/9/7 13/10/8 46/11/9 48/12/10
f 11/13/11 42/14/12 43/15/13 9/16/14
f 7/17/15 74/18/15 89/19/16 26/20/16
f 44/21/17 43/15/13 3/22/18 4/23/19
f 10/24/20 44/21/17 45/25/2 8/26/1
f 47/27/21 15/28/22 17/9/7 48/12/10
f 15/28/22 47/27/21 49/29/23 16/30/24
f 2/31/25 12/32/26 32/33/27 18/34/28
f 50/35/29 49/29/23 5/36/30 31/37/31
f 22/38/32 151/39/32 159/40/33 28/41/33
f 80/42/34 32/33/27 12/32/26 71/43/35
f 65/44/14 9/16/14 10/24/20 67/45/20
f 9/16/14 65/44/14 69/46/11 11/13/11
f 10/24/20 8/26/1 63/47/1 67/45/20
f 11/13/11 29/48/36 41/49/37 42/14/12
f 69/46/11 93/50/36 29/48/36 11/13/11
f 1/51/38 46/52/9 34/3/3
f 39/53/39 25/54/40 21/55/41 40/56/42
f 15/28/22 16/30/24 142/57/24 140/58/22
f 15/28/22 140/58/22 144/59/7 17/9/7
f 16/30/24 30/60/43 161/61/43 142/57/24
f 17/9/7 144/59/7 136/62/8 13/10/8
f 19/63/44 97/64/45 224/65/46 148/66/47
f 63/67/1 8/1/1 33/4/4 100/68/4
f 13/69/8 136/70/8 169/71/4 35/72/4
f 165/73/48 146/74/49 18/34/28 32/33/27
f 151/39/32 22/38/32 18/34/28 146/74/49
f 21/55/41 83/75/41 71/43/35 12/32/26
f 53/76/50 18/34/28 22/38/32
f 38/77/51 26/20/16 25/78/40 39/79/39
f 23/80/52 54/81/53 52/82/54 24/83/55
f 25/78/40 26/20/16 89/19/16 91/84/40
f 159/85/33 157/8/6 27/7/6 28/86/33
f 83/75/41 21/55/41 25/54/40 91/87/40
f 20/88/56 53/76/50 54/89/53 23/90/52
f 38/77/51 24/83/55 6/91/57 37/92/58
f 14/6/5 51/93/59 52/82/54 27/7/6
f 14/94/5 138/95/5 161/61/43 30/60/43
f 51/96/59 14/94/5 30/60/43 50/35/29
f 74/97/15 7/98/15 29/48/36 93/50/36
f 41/49/37 37/99/58 6/100/57 31/37/31
f 165/73/48 32/33/27 19/63/44 148/66/47
f 80/42/34 97/64/45 19/63/44 32/33/27
f 33/4/4 36/101/4 103/102/4 100/68/4
f 103/102/4 36/101/4 172/103/4 253/104/4
f 169/71/4 172/103/4 36/101/4 35/72/4
f 36/101/4 33/4/4 34/3/3 35/72/4
f 18/34/28 53/76/50 20/88/56 2/31/25
f 38/77/51 39/79/39 23/80/52 24/83/55
f 20/88/56 23/90/52 39/53/39 40/56/42
f 38/77/51 37/92/58 7/17/15 26/20/16
f 41/49/37 31/37/31 5/36/30 42/14/12
f 37/99/58 41/49/37 29/48/36 7/98/15
f 45/25/2 44/21/17 4/23/19 1/105/38
f 44/21/17 10/24/20 9/16/14 43/15/13
f 42/14/12 5/36/30 3/22/18 43/15/13
f 34/3/3 45/2/2 1/51/38
f 46/52/9 13/69/8 35/72/4 34/3/3
f 46/11/9 1/105/38 4/23/19 48/12/10
f 49/29/23 47/27/21 3/22/18 5/36/30
f 48/12/10 4/23/19 3/22/18 47/27/21
f 52/82/54 51/93/59 6/91/57 24/83/55
f 49/29/23 50/35/29 30/60/43 16/30/24
f 50/35/29 31/37/31 6/100/57 51/96/59
f 12/32/26 40/56/42 21/55/41
f 52/82/54 54/81/53 28/86/33 27/7/6
f 54/89/53 53/76/50 22/38/32 28/41/33
f 2/31/25 20/88/56 40/56/42 12/32/26
f 62/106/1 99/107/4 101/108/60 113/109/61
f 212/110/62 235/111/63 90/112/63 73/113/62
f 77/114/64 116/115/65 114/116/66 72/117/67
f 68/118/11 64/119/14 111/120/68 110/121/69
f 61/122/15 88/123/16 89/19/16 74/18/15
f 112/124/70 58/125/71 57/126/72 111/120/68
f 112/124/70 66/127/20 62/128/1 113/129/61
f 75/130/73 115/131/74 116/115/65 77/114/64
f 115/131/74 75/130/73 76/132/75 117/133/76
f 56/134/77 78/135/78 98/136/79 70/137/26
f 118/138/80 96/139/81 59/140/82 117/133/76
f 84/141/83 92/142/84 238/143/84 228/144/83
f 98/136/79 80/42/34 71/43/35 70/137/26
f 64/119/14 65/44/14 67/45/20 66/127/20
f 65/44/14 64/119/14 68/118/11 69/46/11
f 66/127/20 67/45/20 63/47/1 62/128/1
f 68/118/11 110/121/69 109/145/85 94/146/36
f 69/46/11 68/118/11 94/146/36 93/50/36
f 55/147/86 101/108/60 114/148/66
f 87/149/40 107/150/87 108/151/42 82/152/41
f 75/130/73 214/153/73 216/154/75 76/132/75
f 214/153/73 75/130/73 77/114/64 218/155/64
f 76/132/75 216/154/75 240/156/88 95/157/88
f 218/155/64 77/114/64 72/117/67 209/158/67
f 79/159/89 222/160/90 224/65/46 97/64/45
f 63/67/1 100/68/4 99/107/4 62/106/1
f 72/161/67 102/162/4 251/163/4 209/164/67
f 246/165/91 98/136/79 78/135/78 220/166/92
f 84/141/83 228/144/83 220/166/92 78/135/78
f 83/75/41 82/152/41 70/137/26 71/43/35
f 121/167/93 84/141/83 78/135/78
f 88/123/16 106/168/94 107/169/87 87/170/40
f 85/171/95 86/172/96 120/173/97 122/174/98
f 87/170/40 91/84/40 89/19/16 88/123/16
f 238/175/84 92/176/84 90/112/63 235/111/63
f 83/75/41 91/87/40 87/149/40 82/152/41
f 81/177/99 85/178/95 122/179/98 121/167/93
f 106/168/94 105/180/100 60/181/101 86/182/96
f 73/113/62 90/112/63 120/173/97 119/183/102
f 212/184/62 73/185/62 95/157/88 240/156/88
f 73/185/62 119/186/102 118/138/80 95/157/88
f 61/187/15 74/97/15 93/50/36 94/146/36
f 109/145/85 96/188/81 60/189/101 105/190/100
f 246/165/91 222/160/90 79/159/89 98/136/79
f 80/42/34 98/136/79 79/159/89 97/64/45
f 99/107/4 100/68/4 103/102/4 104/191/4
f 103/102/4 253/104/4 256/192/4 104/191/4
f 251/163/4 102/162/4 104/191/4 256/192/4
f 104/191/4 102/162/4 101/108/60 99/107/4
f 78/135/78 56/134/77 81/177/99 121/167/93
f 106/168/94 86/182/96 85/193/95 107/169/87
f 81/177/99 108/151/42 107/150/87 85/178/95
f 106/168/94 88/123/16 61/122/15 105/180/100
f 109/145/85 110/121/69 59/194/82 96/188/81
f 105/190/100 61/187/15 94/146/36 109/145/85
f 113/129/61 55/195/86 58/125/71 112/124/70
f 66/127/20 112/124/70 111/120/68 64/119/14
f 110/121/69 111/120/68 57/126/72 59/194/82
f 101/108/60 55/147/86 113/109/61
f 72/161/67 114/148/66 101/108/60 102/162/4
f 114/116/66 116/115/65 58/196/71 55/197/86
f 117/133/76 59/140/82 57/198/72 115/131/74
f 116/115/65 115/131/74 57/198/72 58/196/71
f 120/173/97 86/172/96 60/199/101 119/183/102
f 117/133/76 76/132/75 95/157/88 118/138/80
f 118/138/80 119/186/102 60/200/101 96/139/81
f 70/137/26 82/152/41 108/151/42
f 120/173/97 90/112/63 92/176/84 122/174/98
f 122/179/98 92/142/84 84/141/83 121/167/93
f 56/134/77 70/137/26 108/151/42 81/177/99
f 130/201/103 167/202/4 168/203/104 181/204/105
f 138/5/5 157/8/6 158/205/6 137/206/5
f 143/207/7 184/208/106 182/209/107 135/210/8
f 133/211/108 131/212/109 179/213/110 178/214/111
f 129/215/112 156/216/113 234/217/113 211/218/112
f 180/219/114 126/220/115 125/221/116 179/213/110
f 180/219/114 132/222/117 130/223/103 181/224/105
f 139/225/22 183/226/118 184/208/106 143/207/7
f 183/226/118 139/225/22 141/227/24 185/228/119
f 124/229/120 145/230/28 166/231/121 134/232/122
f 186/233/123 164/234/124 127/235/125 185/228/119
f 152/236/32 160/237/33 159/40/33 151/39/32
f 166/231/121 223/238/126 207/239/127 134/232/122
f 131/212/109 201/240/109 203/241/117 132/222/117
f 201/240/109 131/212/109 133/211/108 205/242/108
f 132/222/117 203/241/117 199/243/103 130/223/103
f 133/211/108 178/214/111 177/244/128 162/245/129
f 205/242/108 133/211/108 162/245/129 241/246/129
f 123/247/130 168/203/104 182/248/107
f 155/249/131 175/250/132 176/251/133 150/252/134
f 139/225/22 140/58/22 142/57/24 141/227/24
f 140/58/22 139/225/22 143/207/7 144/59/7
f 141/227/24 142/57/24 161/61/43 163/253/43
f 144/59/7 143/207/7 135/210/8 136/62/8
f 147/254/135 148/66/47 224/65/46 245/255/136
f 199/256/103 249/257/4 167/202/4 130/201/103
f 135/258/8 170/259/4 169/71/4 136/70/8
f 165/73/48 166/231/121 145/230/28 146/74/49
f 152/236/32 151/39/32 146/74/49 145/230/28
f 227/260/134 150/252/134 134/232/122 207/239/127
f 189/261/50 152/236/32 145/230/28
f 156/216/113 174/262/137 175/263/132 155/264/131
f 153/265/138 154/266/139 188/267/140 190/268/141
f 155/264/131 237/269/131 234/217/113 156/216/113
f 159/85/33 160/270/33 158/205/6 157/8/6
f 227/260/134 237/271/131 155/249/131 150/252/134
f 149/272/142 153/273/138 190/274/141 189/261/50
f 174/262/137 173/275/143 128/276/144 154/277/139
f 137/206/5 158/205/6 188/267/140 187/278/145
f 138/95/5 137/279/5 163/253/43 161/61/43
f 137/279/5 187/280/145 186/233/123 163/253/43
f 129/281/112 211/282/112 241/246/129 162/245/129
f 177/244/128 164/283/124 128/284/144 173/285/143
f 165/73/48 148/66/47 147/254/135 166/231/121
f 223/238/126 166/231/121 147/254/135 245/255/136
f 167/202/4 249/257/4 254/286/4 171/287/4
f 254/286/4 253/104/4 172/103/4 171/287/4
f 169/71/4 170/259/4 171/287/4 172/103/4
f 171/287/4 170/259/4 168/203/104 167/202/4
f 145/230/28 124/229/120 149/272/142 189/261/50
f 174/262/137 154/277/139 153/288/138 175/263/132
f 149/272/142 176/251/133 175/250/132 153/273/138
f 174/262/137 156/216/113 129/215/112 173/275/143
f 177/244/128 178/214/111 127/289/125 164/283/124
f 173/285/143 129/281/112 162/245/129 177/244/128
f 181/224/105 123/290/130 126/220/115 180/219/114
f 132/222/117 180/219/114 179/213/110 131/212/109
f 178/214/111 179/213/110 125/221/116 127/289/125
f 168/203/104 123/247/130 181/204/105
f 135/258/8 182/248/107 168/203/104 170/259/4
f 182/209/107 184/208/106 126/291/115 123/292/130
f 185/228/119 127/235/125 125/293/116 183/226/118
f 184/208/106 183/226/118 125/293/116 126/291/115
f 188/267/140 154/266/139 128/294/144 187/278/145
f 185/228/119 141/227/24 163/253/43 186/233/123
f 186/233/123 187/280/145 128/295/144 164/234/124
f 134/232/122 150/252/134 176/251/133
f 188/267/140 158/205/6 160/270/33 190/268/141
f 190/274/141 160/237/33 152/236/32 189/261/50
f 124/229/120 134/232/122 176/251/133 149/272/142
f 198/296/103 265/297/146 250/298/147 248/299/4
f 212/110/62 210/300/62 236/301/63 235/111/63
f 217/302/64 208/303/67 266/304/148 268/305/149
f 204/306/108 262/307/150 263/308/151 200/309/109
f 197/310/112 211/218/112 234/217/113 233/311/113
f 264/312/152 263/308/151 193/313/153 194/314/154
f 202/315/117 264/312/152 265/316/146 198/317/103
f 267/318/155 213/319/73 217/302/64 268/305/149
f 213/319/73 267/318/155 269/320/156 215/321/75
f 192/322/157 206/323/122 247/324/158 219/325/78
f 270/326/159 269/320/156 195/327/160 244/328/161
f 229/329/83 228/144/83 238/143/84 239/330/84
f 223/238/126 247/324/158 206/323/122 207/239/127
f 201/240/109 200/309/109 202/315/117 203/241/117
f 200/309/109 201/240/109 205/242/108 204/306/108
f 202/315/117 198/317/103 199/243/103 203/241/117
f 204/306/108 242/331/129 261/332/162 262/307/150
f 205/242/108 241/246/129 242/331/129 204/306/108
f 191/333/163 266/334/148 250/298/147
f 259/335/164 232/336/131 226/337/134 260/338/133
f 213/319/73 215/321/75 216/154/75 214/153/73
f 213/319/73 214/153/73 218/155/64 217/302/64
f 215/321/75 243/339/88 240/156/88 216/154/75
f 217/302/64 218/155/64 209/158/67 208/303/67
f 221/340/165 245/255/136 224/65/46 222/160/90
f 199/256/103 198/296/103 248/299/4 249/257/4
f 208/341/67 209/164/67 251/163/4 252/342/4
f 246/165/91 220/166/92 219/325/78 247/324/158
f 228/144/83 229/329/83 219/325/78 220/166/92
f 226/337/134 227/260/134 207/239/127 206/323/122
f 273/343/93 219/325/78 229/329/83
f 258/344/166 233/311/113 232/345/131 259/346/164
f 230/347/167 274/348/168 272/349/169 231/350/170
f 232/345/131 233/311/113 234/217/113 237/269/131
f 238/175/84 235/111/63 236/301/63 239/351/84
f 227/260/134 226/337/134 232/336/131 237/271/131
f 225/352/171 273/343/93 274/353/168 230/354/167
f 258/344/166 231/350/170 196/355/172 257/356/173
f 210/300/62 271/357/174 272/349/169 236/301/63
f 210/358/62 212/184/62 240/156/88 243/339/88
f 271/359/174 210/358/62 243/339/88 270/326/159
f 211/282/112 197/360/112 242/331/129 241/246/129
f 261/332/162 257/361/173 196/362/172 244/328/161
f 246/165/91 247/324/158 221/340/165 222/160/90
f 223/238/126 245/255/136 221/340/165 247/324/158
f 248/299/4 255/363/4 254/286/4 249/257/4
f 254/286/4 255/363/4 256/192/4 253/104/4
f 251/163/4 256/192/4 255/363/4 252/342/4
f 255/363/4 248/299/4 250/298/147 252/342/4
f 219/325/78 273/343/93 225/352/171 192/322/157
f 258/344/166 259/346/164 230/347/167 231/350/170
f 225/352/171 230/354/167 259/335/164 260/338/133
f 258/344/166 257/356/173 197/310/112 233/311/113
f 261/332/162 244/328/161 195/327/160 262/307/150
f 257/361/173 261/332/162 242/331/129 197/360/112
f 265/316/146 264/312/152 194/314/154 191/364/163
f 264/312/152 202/315/117 200/309/109 263/308/151
f 262/307/150 195/327/160 193/313/153 263/308/151
f 250/298/147 265/297/146 191/333/163
f 266/334/148 208/341/67 252/342/4 250/298/147
f 266/304/148 191/364/163 194/314/154 268/305/149
f 269/320/156 267/318/155 193/313/153 195/327/160
f 268/305/149 194/314/154 193/313/153 267/318/155
f 272/349/169 271/357/174 196/355/172 231/350/170
f 269/320/156 270/326/159 243/339/88 215/321/75
f 270/326/159 244/328/161 196/362/172 271/359/174
f 206/323/122 260/338/133 226/337/134
f 272/349/169 274/348/168 239/351/84 236/301/63
f 274/353/168 273/343/93 229/329/83 239/330/84
f 192/322/157 225/352/171 260/338/133 206/323/122

o pouf
v 0.219286 0.056931 -0.218189
v 0.208106 0.296189 -0.207547
v 0.223296 0.148691 -0.222205
v 0.222861 0.074103 -0.221755
v 0.221415 0.229373 -0.220339
v 0.201549 0.052848 -0.222736
v 0.203494 0.147488 -0.227168
v 0.204782 0.071517 -0.226308
v 0.200947 0.229879 -0.225513
v 0.17451 0.303286 -0.208894
v 0.223199 0.052848 -0.19696
v 0.227567 0.147488 -0.198507
v 0.225867 0.229879 -0.195843
v 0.226779 0.071517 -0.200119
v 0.209329 0.303286 -0.169054
v 0.11586 0.303875 -0.112172
v 0.221641 0.289662 -0.221166
v 0.204541 0.293326 -0.222513
v 0.222864 0.293326 -0.199372
v 0.201517 0.272348 -0.226054
v 0.226412 0.272348 -0.196413
v 0.222036 0.270388 -0.220957
v 0.182027 0.304782 -0.177881
v 0.181966 0.052848 -0.201094
v 0.202738 0.052848 -0.201929
v 0.201512 0.052848 -0.177822
v 0.181966 0.052848 -0.177822
v 0.218317 0.293326 -0.2195
v 0.226747 0.272348 -0.226054
v 0.226571 0.229879 -0.225513
v 0.228015 0.147488 -0.227168
v 0.227372 0.071517 -0.226308
v 0.223897 0.052848 -0.222736
v 0.223199 0.052848 -0.222993
v 0.227567 0.147488 -0.227732
v 0.226779 0.071517 -0.226917
v 0.225867 0.229879 -0.226143
v 0.226412 0.272348 -0.224959
v 0.219616 0.293326 -0.218516
v 0.209165 0.301792 -0.206592
v 0.206696 0.301852 -0.204756
v -0.219286 0.056931 -0.218189
v -0.208106 0.296189 -0.207547
v -0.223296 0.148691 -0.222205
v -0.222861 0.074103 -0.221755
v -0.221415 0.229373 -0.220339
v -0.201549 0.052848 -0.222736
v 0 0.052848 -0.226838
v -0.203494 0.147488 -0.227168
v 0 0.147488 -0.231849
v -0.204782 0.071517 -0.226308
v 0 0.071517 -0.23068
v -0.200947 0.229879 -0.225513
v 0 0.229879 -0.230183
v -0.17451 0.303286 -0.208894
v 0 0.303286 -0.211878
v -0.223199 0.052848 -0.19696
v -0.227567 0.147488 -0.198507
v -0.225867 0.229879 -0.195843
v -0.226779 0.071517 -0.200119
v -0.209329 0.303286 -0.169054
v -0.11586 0.303875 -0.112172
v 0 0.305041 -0.17836
v -0.221641 0.289662 -0.221166
v -0.204541 0.293326 -0.222513
v 0 0.293326 -0.226597
v -0.222864 0.293326 -0.199372
v 0 0.272348 -0.230355
v -0.201517 0.272348 -0.226054
v -0.226412 0.272348 -0.196413
v -0.222036 0.270388 -0.220957
v 0 0.30487 -0.106731
v -0.182027 0.304782 -0.177881
v -0.181966 0.052848 -0.201094
v 0 0.052848 -0.203447
v -0.202738 0.052848 -0.201929
v -0.201512 0.052848 -0.177822
v 0 0.052848 -0.178296
v -0.181966 0.052848 -0.177822
v -0.218317 0.293326 -0.2195
v -0.226747 0.272348 -0.226054
v -0.226571 0.229879 -0.225513
v -0.228015 0.147488 -0.227168
v -0.227372 0.071517 -0.226308
v -0.223897 0.052848 -0.222736
v -0.223199 0.052848 -0.222993
v -0.227567 0.147488 -0.227732
v -0.226779 0.071517 -0.226917
v -0.225867 0.229879 -0.226143
v -0.226412 0.272348 -0.224959
v -0.219616 0.293326 -0.218516
v -0.209165 0.301792 -0.206592
v -0.206696 0.301852 -0.204756
v 0.219286 0.056931 0.218189
v 0.208106 0.296189 0.207547
v 0.223296 0.148691 0.222205
v 0.222861 0.074103 0.221755
v 0.221415 0.229373 0.220339
v 0.201549 0.052848 0.222736
v 0.203494 0.147488 0.227168
v 0.204782 0.071517 0.226308
v 0.200947 0.229879 0.225513
v 0.17451 0.303286 0.208894
v 0.223199 0.052848 0.19696
v 0.226749 0.052848 0
v 0.227567 0.147488 0.198507
v 0.231622 0.147488 0
v 0.225867 0.229879 0.195843
v 0.22991 0.229879 0
v 0.226779 0.071517 0.200119
v 0.230566 0.071517 0
v 0.209329 0.303286 0.169054
v 0.211896 0.303286 0
v 0.11586 0.303875 0.112172
v 0.111419 0.305549 0
v 0.221641 0.289662 0.221166
v 0.204541 0.293326 0.222513
v 0.226391 0.293326 0
v 0.222864 0.293326 0.199372
v 0.230129 0.272348 0
v 0.201517 0.272348 0.226054
v 0.226412 0.272348 0.196413
v 0.222036 0.270388 0.220957
v 0.182657 0.312596 0
v 0.182027 0.304782 0.177881
v 0.181966 0.052848 0.201094
v 0.202738 0.052848 0.201929
v 0.203524 0.052848 0
v 0.201512 0.052848 0.177822
v 0.181966 0.052848 0.177822
v 0.182591 0.052848 0
v 0.218317 0.293326 0.2195
v 0.226747 0.272348 0.226054
v 0.226571 0.229879 0.225513
v 0.228015 0.147488 0.227168
v 0.227372 0.071517 0.226308
v 0.223897 0.052848 0.222736
v 0.223199 0.052848 0.222993
v 0.227567 0.147488 0.227732
v 0.226779 0.071517 0.226917
v 0.225867 0.229879 0.226143
v 0.226412 0.272348 0.224959
v 0.219616 0.293326 0.218516
v 0.209165 0.301792 0.206592
v 0.206696 0.301852 0.204756
v -0.219286 0.056931 0.218189
v -0.208106 0.296189 0.207547
v -0.223296 0.148691 0.222205
v -0.222861 0.074103 0.221755
v -0.221415 0.229373 0.220339
v -0.201549 0.052848 0.222736
v 0 0.052848 0.226838
v -0.203494 0.147488 0.227168
v 0 0.147488 0.231849
v -0.204782 0.071517 0.226308
v 0 0.071517 0.23068
v -0.200947 0.229879 0.225513
v 0 0.229879 0.230183
v -0.17451 0.303286 0.208894
v 0 0.303286 0.211878
v -0.223199 0.052848 0.19696
v -0.226749 0.052848 0
v -0.227567 0.147488 0.198507
v -0.231622 0.147488 0
v -0.225867 0.229879 0.195843
v -0.22991 0.229879 0
v -0.226779 0.071517 0.200119
v -0.230566 0.071517 0
v -0.209329 0.303286 0.169054
v -0.211896 0.303286 0
v -0.11586 0.303875 0.112172
v -0.111419 0.305549 0
v 0 0.305041 0.17836
v 0 0.313478 0
v -0.221641 0.289662 0.221166
v -0.204541 0.293326 0.222513
v 0 0.293326 0.226597
v -0.226391 0.293326 0
v -0.222864 0.293326 0.199372
v -0.230129 0.272348 0
v 0 0.272348 0.230355
v -0.201517 0.272348 0.226054
v -0.226412 0.272348 0.196413
v -0.222036 0.270388 0.220957
v 0 0.30487 0.106731
v -0.182657 0.312596 0
v -0.182027 0.304782 0.177881
v -0.181966 0.052848 0.201094
v 0 0.052848 0.203447
v -0.202738 0.052848 0.201929
v -0.203524 0.052848 0
v -0.201512 0.052848 0.177822
v 0 0.052848 0
v 0 0.052848 0.178296
v -0.181966 0.052848 0.177822
v -0.182591 0.052848 0
v -0.218317 0.293326 0.2195
v -0.226747 0.272348 0.226054
v -0.226571 0.229879 0.225513
v -0.228015 0.147488 0.227168
v -0.227372 0.071517 0.226308
v -0.223897 0.052848 0.222736
v -0.223199 0.052848 0.222993
v -0.227567 0.147488 0.227732
v -0.226779 0.071517 0.226917
v -0.225867 0.229879 0.226143
v -0.226412 0.272348 0.224959
v -0.219616 0.293326 0.218516
v -0.209165 0.301792 0.206592
v -0.206696 0.301852 0.204756
vn 0.00647447 -0.771241 -0.636511
vn 0.743343 -0.626975 0.233118
vn -0.00346459 -0.999964 0.00775699
vn 0 -1 0
vn 0.994901 -0.100414 -0.00941141
vn 0.636449 -0.771297 -0.0057336
vn -0.283016 -0.592359 -0.754329
vn 0.306074 -0.134667 -0.942435
vn 0.0116175 0.00377447 -0.999925
vn 0.923608 0.00759344 -0.383262
vn 0.919021 0.00588446 -0.394164
vn 0.0114991 0.00465728 -0.999923
vn -0.65089 -0.0122493 0.759073
vn -0.649774 0.141765 0.746791
vn 0.919512 -0.126165 -0.372264
vn 0.0106168 -0.100807 -0.994849
vn 0.322751 0.00568637 -0.946467
vn 0.999933 0.00540223 -0.010212
vn 0.999939 0.00399646 -0.0103203
vn 0.32096 0.0235853 -0.946799
vn -0.322919 -0.945897 0.0316681
vn 0.696057 0.624612 0.354067
vn 0.0174465 0.999129 -0.0379049
vn -0.658598 -0.00567362 0.752474
vn 0.711288 -0.00714052 -0.702865
vn 0.366728 0.20498 -0.907466
vn 0.09423 0.557808 -0.824604
vn 0.0106399 0.0763423 -0.997025
vn 0 0.0864971 -0.996252
vn 0 0.545181 -0.838318
vn 5.42305e-20 0.999688 -0.02496
vn 0.0329273 0.95276 -0.301935
vn 0 0.948097 -0.317982
vn 8.71385e-19 -0.108958 -0.994046
vn 0 0.00241582 -0.999997
vn 0 0.00808396 -0.999967
vn 0 -0.775155 -0.631771
vn 0.903936 0.226423 -0.362813
vn -0.370186 0.805583 0.4626
vn 0.615739 0.772965 -0.152942
vn -0.408115 0.90258 0.137082
vn 0.999969 0.00780952 0
vn 0.999994 0.00343837 0
vn 0.994196 -0.10758 0
vn 0.99702 0.076565 -0.0094342
vn 0.996339 0.0854854 8.71099e-19
vn 0.632283 -0.774738 0
vn -0.00403008 0.999989 -0.00238099
vn 0 0.999238 -0.0390357
vn 0 1 0
vn -0.0137737 0.999905 0
vn 0.10464 0.99451 0
vn 0.439595 0.898196 0
vn 0.30679 0.951225 -0.0324148
vn 0.840512 0.541793 -9.40294e-19
vn 0.830216 0.552336 -0.075277
vn -0.0676252 0.649493 -0.757354
vn -0.286256 0.789026 -0.543595
vn -0.00647447 -0.771241 -0.636511
vn 0.00346459 -0.999964 0.00775699
vn -0.743343 -0.626975 0.233118
vn -0.994901 -0.100414 -0.00941141
vn -0.306074 -0.134667 -0.942435
vn 0.283016 -0.592359 -0.754329
vn -0.636449 -0.771297 -0.0057336
vn -0.0116175 0.00377447 -0.999925
vn -0.0114991 0.00465728 -0.999923
vn -0.919021 0.00588446 -0.394164
vn -0.923608 0.00759344 -0.383262
vn -0.919512 -0.126165 -0.372264
vn 0.649774 0.141765 0.746791
vn 0.65089 -0.0122493 0.759073
vn -0.0106168 -0.100807 -0.994849
vn -0.999933 0.00540223 -0.010212
vn -0.322751 0.00568637 -0.946467
vn -0.999939 0.00399646 -0.0103203
vn -0.32096 0.0235853 -0.946799
vn 0.322919 -0.945897 0.0316681
vn -0.0174465 0.999129 -0.0379049
vn -0.696057 0.624612 0.354067
vn -0.366728 0.20498 -0.907466
vn -0.711288 -0.00714052 -0.702865
vn 0.658598 -0.00567362 0.752474
vn -0.09423 0.557808 -0.824604
vn -0.0106399 0.0763423 -0.997025
vn -0.0329273 0.95276 -0.301935
vn -0.903936 0.226423 -0.362813
vn 0.370186 0.805583 0.4626
vn 0.408115 0.90258 0.137082
vn -0.615739 0.772965 -0.152942
vn -0.999994 0.00343837 0
vn -0.999969 0.00780952 0
vn -0.994196 -0.10758 0
vn -0.996339 0.0854854 8.71099e-19
vn -0.99702 0.076565 -0.0094342
vn -0.632283 -0.774738 0
vn 0.00403008 0.999989 -0.00238099
vn 0.0137737 0.999905 0
vn -0.10464 0.99451 0
vn -0.30679 0.951225 -0.0324148
vn -0.439595 0.898196 0
vn -0.840512 0.541793 -9.40294e-19
vn -0.830216 0.552336 -0.075277
vn 0.0676252 0.649493 -0.757354
vn 0.286256 0.789026 -0.543595
vn 0.00647447 -0.771241 0.636511
vn -0.00346459 -0.999964 -0.00775699
vn 0.743343 -0.626975 -0.233118
vn 0.994901 -0.100414 0.00941141
vn 0.306074 -0.134667 0.942435
vn -0.283016 -0.592359 0.754329
vn 0.636449 -0.771297 0.0057336
vn 0.0116175 0.00377447 0.999925
vn 0.0114991 0.00465728 0.999923
vn 0.919021 0.00588446 0.394164
vn 0.923608 0.00759344 0.383262
vn 0.919512 -0.126165 0.372264
vn -0.649774 0.141765 -0.746791
vn -0.65089 -0.0122493 -0.759073
vn 0.0106168 -0.100807 0.994849
vn 0.999933 0.00540223 0.010212
vn 0.322751 0.00568637 0.946467
vn 0.999939 0.00399646 0.0103203
vn 0.32096 0.0235853 0.946799
vn -0.322919 -0.945897 -0.0316681
vn 0.0174465 0.999129 0.0379049
vn 0.696057 0.624612 -0.354067
vn 0.366728 0.20498 0.907466
vn 0.711288 -0.00714052 0.702865
vn -0.658598 -0.00567362 -0.752474
vn 0.09423 0.557808 0.824604
vn 0 0.545181 0.838318
vn 0 0.0864971 0.996252
vn 0.0106399 0.0763423 0.997025
vn 5.42305e-20 0.999688 0.02496
vn 0 0.948097 0.317982
vn 0.0329273 0.95276 0.301935
vn 8.71385e-19 -0.108958 0.994046
vn 0 0.00241582 0.999997
vn 0 0.00808396 0.999967
vn 0 -0.775155 0.631771
vn 0.903936 0.226423 0.362813
vn -0.370186 0.805583 -0.4626
vn -0.408115 0.90258 -0.137082
vn 0.615739 0.772965 0.152942
vn 0.99702 0.076565 0.0094342
vn -0.00403008 0.999989 0.00238099
vn 0 0.999238 0.0390357
vn 0.30679 0.951225 0.0324148
vn 0.830216 0.552336 0.075277
vn -0.0676252 0.649493 0.757354
vn -0.286256 0.789026 0.543595
vn -0.00647447 -0.771241 0.636511
vn -0.743343 -0.626975 -0.233118
vn 0.00346459 -0.999964 -0.00775699
vn -0.994901 -0.100414 0.00941141
vn -0.636449 -0.771297 0.0057336
vn 0.283016 -0.592359 0.754329
vn -0.306074 -0.134667 0.942435
vn -0.0116175 0.00377447 0.999925
vn -0.923608 0.00759344 0.383262
vn -0.919021 0.00588446 0.394164
vn -0.0114991 0.00465728 0.999923
vn 0.65089 -0.0122493 -0.759073
vn 0.649774 0.141765 -0.746791
vn -0.919512 -0.126165 0.372264
vn -0.0106168 -0.100807 0.994849
vn -0.322751 0.00568637 0.946467
vn -0.999933 0.00540223 0.010212
vn -0.999939 0.00399646 0.0103203
vn -0.32096 0.0235853 0.946799
vn 0.322919 -0.945897 -0.0316681
vn -0.696057 0.624612 -0.354067
vn -0.0174465 0.999129 0.0379049
vn 0.658598 -0.00567362 -0.752474
vn -0.711288 -0.00714052 0.702865
vn -0.366728 0.20498 0.907466
vn -0.09423 0.557808 0.824604
vn -0.0106399 0.0763423 0.997025
vn -0.0329273 0.95276 0.301935
vn -0.903936 0.226423 0.362813
vn 0.370186 0.805583 -0.4626
vn -0.615739 0.772965 0.152942
vn 0.408115 0.90258 -0.137082
vn -0.99702 0.076565 0.0094342
vn 0.00403008 0.999989 0.00238099
vn -0.30679 0.951225 0.0324148
vn -0.830216 0.552336 0.075277
vn 0.0676252 0.649493 0.757354
vn 0.286256 0.789026 0.543595
vt 0.00796022 0.392497
vt 0.00585938 0.378273
vt 0.0224132 0.390414
vt 0.0233246 0.405346
vt 0.641416 0.206463
vt 0.641416 0.192731
vt 0.654284 0.192731
vt 0.654284 0.206463
vt 0.0212349 0.130054
vt 0.0107705 0.130054
vt 0.0107705 0.0737483
vt 0.0212349 0.0737483
vt 0.00585938 0.0737483
vt 0.00585938 0.0196972
vt 0.0107705 0.0196972
vt 0.0212349 0.0196972
vt 0.0107705 0.00585938
vt 0.0212349 0.00585938
vt 0.654284 0.26011
vt 0.641416 0.26011
vt 0.641416 0.315992
vt 0.654284 0.315992
vt 0.34074 0.991933
vt 0.338724 0.988629
vt 0.361422 0.972443
vt 0.659269 0.315992
vt 0.659269 0.341802
vt 0.654284 0.341802
vt 0.020885 0.169737
vt 0.0212349 0.156059
vt 0.168888 0.156059
vt 0.168888 0.169737
vt 0.363544 0.845154
vt 0.340049 0.965292
vt 0.340323 0.845154
vt 0.168888 0.0196972
vt 0.168888 0.0737483
vt 0.168888 0.130054
vt 0.168888 0.00585938
vt 0.0107705 0.156059
vt 0.0108501 0.37862
vt 0.0107398 0.373762
vt 0.0107705 0.169737
vt 0.00585938 0.169737
vt 0.00585938 0.156059
vt 0.493635 0.315992
vt 0.493635 0.26011
vt 0.493635 0.206463
vt 0.641416 0.341802
vt 0.493635 0.341802
vt 0.493635 0.192731
vt 0.408111 0.925171
vt 0.412286 0.845154
vt 0.485506 0.845154
vt 0.485506 0.92154
vt 0.00668729 0.532282
vt 0.0228928 0.532282
vt 0.163297 0.375702
vt 0.163297 0.391742
vt 0.039701 0.39176
vt 0.0273143 0.376524
vt 0.485506 0.970008
vt 0.485506 0.991172
vt 0.36932 0.991198
vt 0.493635 0.355378
vt 0.642157 0.355378
vt 0.605316 0.367841
vt 0.493635 0.367841
vt 0.168888 0.182295
vt 0.0427888 0.182295
vt 0.00585938 0.182295
vt 0.0107705 0.182295
vt 0.659269 0.355378
vt 0.654284 0.355378
vt 0.0403753 0.532282
vt 0.0396101 0.405387
vt 0.163297 0.532282
vt 0.163297 0.406263
vt 0.00585938 0.130054
vt 0.00585938 0.00585938
vt 0.659269 0.192731
vt 0.659269 0.206463
vt 0.659269 0.26011
vt 0.345053 0.992441
vt 0.654284 0.367841
vt 0.659269 0.367841
vt 0.00796022 0.672067
vt 0.0233246 0.659218
vt 0.0224132 0.674149
vt 0.00585938 0.68629
vt 0.35407 0.0196972
vt 0.335432 0.0196972
vt 0.336277 0.00585938
vt 0.35407 0.00585938
vt 0.310922 0.130054
vt 0.310922 0.0737483
vt 0.326522 0.0737483
vt 0.326809 0.130054
vt 0.325816 0.0196972
vt 0.330605 0.0196972
vt 0.330968 0.0737483
vt 0.310922 0.0196972
vt 0.310922 0.00585938
vt 0.324698 0.00585938
vt 0.35407 0.0737483
vt 0.335514 0.0737483
vt 0.35407 0.130054
vt 0.335643 0.130054
vt 0.34074 0.698375
vt 0.361422 0.717865
vt 0.338724 0.701679
vt 0.334576 0.156059
vt 0.331751 0.156059
vt 0.331227 0.130054
vt 0.311023 0.169737
vt 0.310922 0.156059
vt 0.340049 0.725016
vt 0.328552 0.156059
vt 0.0108501 0.685944
vt 0.0107398 0.690802
vt 0.331749 0.169737
vt 0.330509 0.169737
vt 0.503718 0.0737483
vt 0.503718 0.130175
vt 0.503718 0.0196972
vt 0.503718 0.157254
vt 0.35407 0.156059
vt 0.503718 0.00585938
vt 0.408111 0.765137
vt 0.485506 0.768768
vt 0.163296 0.688862
vt 0.0273143 0.688039
vt 0.039701 0.672804
vt 0.163296 0.672821
vt 0.485506 0.7203
vt 0.36932 0.69911
vt 0.485506 0.699136
vt 0.503718 0.171496
vt 0.503718 0.184263
vt 0.36293 0.182295
vt 0.345086 0.169737
vt 0.280426 0.182295
vt 0.331998 0.182295
vt 0.328322 0.182295
vt 0.332952 0.169737
vt 0.0396101 0.659177
vt 0.163297 0.658301
vt 0.330582 0.00585938
vt 0.345053 0.697867
vt 0.335689 0.182295
vt 0.318632 0.392497
vt 0.303268 0.405346
vt 0.304179 0.390414
vt 0.320733 0.378273
vt 0.351457 0.206463
vt 0.33296 0.206463
vt 0.333797 0.192731
vt 0.351457 0.192731
vt 0.308632 0.315992
vt 0.308632 0.26011
vt 0.324116 0.26011
vt 0.3244 0.315992
vt 0.323416 0.206463
vt 0.328169 0.206463
vt 0.328528 0.26011
vt 0.308632 0.206463
vt 0.308632 0.192731
vt 0.322306 0.192731
vt 0.351457 0.26011
vt 0.333041 0.26011
vt 0.351457 0.315992
vt 0.333168 0.315992
vt 0.630271 0.991933
vt 0.609588 0.972443
vt 0.632286 0.988629
vt 0.33211 0.341802
vt 0.329305 0.341802
vt 0.328786 0.315992
vt 0.308811 0.355378
vt 0.167665 0.355378
vt 0.167665 0.341802
vt 0.308632 0.341802
vt 0.607466 0.845154
vt 0.630689 0.845154
vt 0.630961 0.965292
vt 0.167665 0.206463
vt 0.167665 0.26011
vt 0.167665 0.315992
vt 0.167665 0.192731
vt 0.326131 0.341802
vt 0.315744 0.37862
vt 0.315853 0.373762
vt 0.329304 0.355378
vt 0.328073 0.355378
vt 0.351457 0.341802
vt 0.562899 0.925171
vt 0.558724 0.845154
vt 0.319906 0.532282
vt 0.3037 0.532282
vt 0.299278 0.376524
vt 0.286891 0.39176
vt 0.60169 0.991198
vt 0.379387 0.367841
vt 0.35195 0.355378
vt 0.286459 0.367841
vt 0.167665 0.367841
vt 0.32955 0.367841
vt 0.325903 0.367841
vt 0.330498 0.355378
vt 0.286217 0.532282
vt 0.286982 0.405387
vt 0.328146 0.192731
vt 0.625958 0.992441
vt 0.333214 0.367841
vt 0.318632 0.672067
vt 0.320733 0.68629
vt 0.304179 0.674149
vt 0.303268 0.659218
vt 0.652592 0.0196972
vt 0.652592 0.00585938
vt 0.668526 0.00585938
vt 0.668526 0.0196972
vt 0.0211206 0.315992
vt 0.0107348 0.315992
vt 0.0107348 0.26011
vt 0.0211206 0.26011
vt 0.00585938 0.26011
vt 0.00585938 0.206463
vt 0.0107348 0.206463
vt 0.0211206 0.206463
vt 0.0107348 0.192731
vt 0.0211206 0.192731
vt 0.668526 0.0737483
vt 0.652592 0.0737483
vt 0.652592 0.128866
vt 0.668526 0.129457
vt 0.630271 0.698375
vt 0.632286 0.701679
vt 0.609588 0.717865
vt 0.672657 0.129617
vt 0.672657 0.155744
vt 0.668526 0.155708
vt 0.0253172 0.355378
vt 0.0211206 0.341802
vt 0.630961 0.725016
vt 0.0107348 0.341802
vt 0.315744 0.685945
vt 0.315853 0.690802
vt 0.0107348 0.355378
vt 0.00585938 0.355378
vt 0.00585938 0.341802
vt 0.652592 0.155536
vt 0.562899 0.765137
vt 0.286891 0.672804
vt 0.299278 0.688041
vt 0.601691 0.69911
vt 0.654557 0.16997
vt 0.628944 0.183269
vt 0.043894 0.367841
vt 0.00585938 0.367841
vt 0.0107348 0.367841
vt 0.672657 0.169921
vt 0.668526 0.16993
vt 0.286982 0.659177
vt 0.00585938 0.315992
vt 0.00585938 0.192731
vt 0.672657 0.00585938
vt 0.672657 0.0196972
vt 0.672657 0.0737483
vt 0.625958 0.697867
vt 0.668526 0.18301
vt 0.672657 0.182951
mtllib square-ottoman-bench-001.mtl
usemtl _null_
g Default
f 280/365/175 307/366/176 299/367/177 298/368/178
f 288/369/179 285/370/180 308/371/181 310/372/182
f 283/373/183 304/374/184 305/375/185 281/376/186
f 305/375/185 277/377/187 278/378/188 306/379/189
f 282/380/190 306/379/189 307/381/176 280/382/175
f 309/383/191 286/384/192 288/369/179 310/372/182
f 287/385/193 286/384/192 309/383/191 311/386/194
f 276/387/195 314/388/196 297/389/197
f 311/386/194 279/390/198 296/391/199 312/392/200
f 292/393/201 294/394/202 342/395/203 340/396/204
f 337/397/205 297/389/197 284/398/206 330/399/207
f 326/400/208 324/401/209 281/376/186 282/380/190
f 281/376/186 324/401/209 328/402/210 283/373/183
f 282/380/190 280/382/175 322/403/211 326/400/208
f 283/373/183 294/394/202 303/404/212 304/374/184
f 342/395/203 294/394/202 283/373/183 328/402/210
f 275/405/213 308/406/181 299/367/177
f 303/404/212 302/407/214 291/408/215 296/409/199
f 286/384/192 287/385/193 383/410/216 381/411/217
f 288/369/179 286/384/192 381/411/217 385/412/218
f 295/413/219 394/414/220 383/410/216 287/385/193
f 288/369/179 385/412/218 379/415/221 285/370/180
f 290/416/222 346/417/223 448/418/224 389/419/225
f 322/420/211 280/365/175 298/368/178 349/421/178
f 379/422/221 402/423/178 300/424/178 285/425/180
f 398/426/226 387/427/227 289/428/228 297/389/197
f 392/429/229 293/430/230 289/431/228 387/432/227
f 340/396/204 330/433/207 284/434/206 292/393/201
f 276/435/195 291/408/215 302/407/214 314/436/196
f 312/392/200 296/391/199 291/437/215 313/438/231
f 303/404/212 294/394/202 292/393/201 302/407/214
f 398/426/226 297/389/197 290/416/222 389/419/225
f 337/397/205 346/417/223 290/416/222 297/389/197
f 352/439/178 349/421/178 298/368/178 301/440/178
f 467/441/178 352/439/178 301/440/178 405/442/178
f 402/423/178 405/442/178 301/440/178 300/424/178
f 299/367/177 300/424/178 301/440/178 298/368/178
f 297/389/197 314/388/196 284/398/206
f 312/392/200 313/438/231 293/430/230 295/413/219
f 304/374/184 303/404/212 296/409/199 279/443/198
f 307/381/176 306/379/189 278/378/188 275/444/213
f 305/375/185 306/379/189 282/380/190 281/376/186
f 304/374/184 279/443/198 277/377/187 305/375/185
f 299/367/177 307/366/176 275/405/213
f 285/425/180 300/424/178 299/367/177 308/406/181
f 310/372/182 308/371/181 275/445/213 278/446/188
f 311/386/194 309/383/191 277/447/187 279/390/198
f 309/383/191 310/372/182 278/446/188 277/447/187
f 311/386/194 312/392/200 295/413/219 287/385/193
f 392/429/229 394/414/220 295/413/219 293/430/230
f 315/448/232 297/389/197 289/428/228
f 289/431/228 293/430/230 313/438/231 315/449/232
f 284/434/206 314/436/196 302/407/214 292/393/201
f 276/450/195 315/449/232 313/438/231 291/437/215
f 297/389/197 315/448/232 276/387/195
f 321/451/233 348/452/178 350/453/234 359/454/235
f 334/455/236 362/456/237 360/457/238 331/458/239
f 327/459/240 323/460/241 357/461/242 356/462/243
f 357/461/242 358/463/244 319/464/245 318/465/246
f 358/463/244 325/466/247 321/467/233 359/468/235
f 332/469/248 361/470/249 362/456/237 334/455/236
f 333/471/250 363/472/251 361/470/249 332/469/248
f 317/473/252 347/474/253 366/475/254
f 363/472/251 364/476/255 345/477/256 320/478/257
f 339/479/258 340/396/204 342/395/203 343/480/259
f 337/397/205 330/399/207 329/481/260 347/474/253
f 326/400/208 325/466/247 323/460/241 324/401/209
f 324/401/209 323/460/241 327/459/240 328/402/210
f 325/466/247 326/400/208 322/403/211 321/467/233
f 327/459/240 356/462/243 355/482/261 343/480/259
f 343/480/259 342/395/203 328/402/210 327/459/240
f 316/483/262 350/453/234 360/484/238
f 355/482/261 345/477/256 338/485/263 354/486/264
f 332/469/248 438/487/265 440/488/266 333/471/250
f 334/455/236 442/489/267 438/487/265 332/469/248
f 454/490/268 344/491/269 333/471/250 440/488/266
f 442/489/267 334/455/236 331/458/239 436/492/270
f 336/493/271 446/494/272 448/418/224 346/417/223
f 322/420/211 349/421/178 348/452/178 321/451/233
f 436/495/270 331/496/239 351/497/178 465/498/178
f 460/499/273 347/474/253 335/500/274 444/501/275
f 452/502/276 444/503/275 335/504/274 341/505/277
f 340/396/204 339/479/258 329/506/260 330/433/207
f 317/507/252 366/508/254 354/486/264 338/485/263
f 364/476/255 365/509/278 338/485/263 345/477/256
f 343/480/259 355/482/261 354/486/264 339/479/258
f 460/499/273 446/494/272 336/493/271 347/474/253
f 337/397/205 347/474/253 336/493/271 346/417/223
f 349/421/178 352/439/178 353/510/178 348/452/178
f 467/441/178 470/511/178 353/510/178 352/439/178
f 465/498/178 351/497/178 353/510/178 470/511/178
f 350/453/234 348/452/178 353/510/178 351/497/178
f 347/474/253 329/481/260 366/475/254
f 364/476/255 344/491/269 341/505/277 365/509/278
f 356/462/243 320/478/257 345/477/256 355/482/261
f 359/468/235 316/512/262 319/464/245 358/463/244
f 357/461/242 323/460/241 325/466/247 358/463/244
f 356/462/243 357/461/242 318/465/246 320/478/257
f 350/453/234 316/483/262 359/454/235
f 331/496/239 360/484/238 350/453/234 351/497/178
f 362/456/237 319/464/245 316/512/262 360/457/238
f 363/472/251 320/478/257 318/465/246 361/470/249
f 361/470/249 318/465/246 319/464/245 362/456/237
f 363/472/251 333/471/250 344/491/269 364/476/255
f 452/502/276 341/505/277 344/491/269 454/490/268
f 367/513/279 335/500/274 347/474/253
f 335/504/274 367/514/279 365/509/278 341/505/277
f 329/506/260 339/479/258 354/486/264 366/508/254
f 317/507/252 338/485/263 365/509/278 367/514/279
f 347/474/253 317/473/252 367/513/279
f 373/515/280 400/516/178 401/517/281 411/518/282
f 384/519/283 414/520/284 412/521/285 378/522/286
f 376/523/287 374/524/288 409/525/289 408/526/290
f 409/525/289 410/527/291 371/528/292 370/529/293
f 410/527/291 375/530/294 373/531/280 411/532/282
f 380/533/295 413/534/296 414/520/284 384/519/283
f 382/535/297 415/536/298 413/534/296 380/533/295
f 369/537/299 399/538/300 418/539/301
f 415/536/298 416/540/302 397/541/303 372/542/304
f 391/543/305 451/544/306 455/545/307 395/546/308
f 447/547/309 434/548/310 377/549/311 399/538/300
f 430/550/312 375/530/294 374/524/288 428/551/313
f 428/551/313 374/524/288 376/523/287 432/552/314
f 375/530/294 430/550/312 426/553/315 373/531/280
f 376/523/287 408/526/290 407/554/316 395/546/308
f 395/546/308 455/545/307 432/552/314 376/523/287
f 368/555/317 401/517/281 412/556/285
f 407/554/316 397/541/303 390/557/318 406/558/319
f 380/533/295 381/411/217 383/410/216 382/535/297
f 384/519/283 385/412/218 381/411/217 380/533/295
f 394/414/220 396/559/320 382/535/297 383/410/216
f 385/412/218 384/519/283 378/522/286 379/415/221
f 388/560/321 389/419/225 448/418/224 459/561/322
f 426/562/315 463/563/178 400/516/178 373/515/280
f 379/422/221 378/564/286 403/565/178 402/423/178
f 398/426/226 399/538/300 386/566/323 387/427/227
f 392/429/229 387/432/227 386/567/323 393/568/324
f 451/544/306 391/543/305 377/569/311 434/570/310
f 369/571/299 418/572/301 406/558/319 390/557/318
f 416/540/302 417/573/325 390/557/318 397/541/303
f 395/546/308 407/554/316 406/558/319 391/543/305
f 398/426/226 389/419/225 388/560/321 399/538/300
f 447/547/309 399/538/300 388/560/321 459/561/322
f 463/563/178 468/574/178 404/575/178 400/516/178
f 467/441/178 405/442/178 404/575/178 468/574/178
f 402/423/178 403/565/178 404/575/178 405/442/178
f 401/517/281 400/516/178 404/575/178 403/565/178
f 399/538/300 377/549/311 418/539/301
f 416/540/302 396/559/320 393/568/324 417/573/325
f 408/526/290 372/542/304 397/541/303 407/554/316
f 411/532/282 368/576/317 371/528/292 410/527/291
f 409/525/289 374/524/288 375/530/294 410/527/291
f 408/526/290 409/525/289 370/529/293 372/542/304
f 401/517/281 368/555/317 411/518/282
f 378/564/286 412/556/285 401/517/281 403/565/178
f 414/520/284 371/528/292 368/576/317 412/521/285
f 415/536/298 372/542/304 370/529/293 413/534/296
f 413/534/296 370/529/293 371/528/292 414/520/284
f 415/536/298 382/535/297 396/559/320 416/540/302
f 392/429/229 393/568/324 396/559/320 394/414/220
f 419/577/326 386/566/323 399/538/300
f 386/567/323 419/578/326 417/573/325 393/568/324
f 377/569/311 391/543/305 406/558/319 418/572/301
f 369/571/299 390/557/318 417/573/325 419/578/326
f 399/538/300 369/537/299 419/577/326
f 425/579/327 476/580/328 464/581/329 462/582/178
f 441/583/330 435/584/331 477/585/332 479/586/333
f 431/587/334 473/588/335 474/589/336 427/590/337
f 474/589/336 422/591/338 423/592/339 475/593/340
f 429/594/341 475/593/340 476/595/328 425/596/327
f 478/597/342 437/598/343 441/583/330 479/586/333
f 439/599/344 437/598/343 478/597/342 480/600/345
f 421/601/346 483/602/347 461/603/348
f 480/600/345 424/604/349 458/605/350 481/606/351
f 450/607/352 456/608/353 455/545/307 451/544/306
f 447/547/309 461/603/348 433/609/354 434/548/310
f 430/550/312 428/551/313 427/590/337 429/594/341
f 427/590/337 428/551/313 432/552/314 431/587/334
f 429/594/341 425/596/327 426/553/315 430/550/312
f 431/587/334 456/608/353 472/610/355 473/588/335
f 455/545/307 456/608/353 431/587/334 432/552/314
f 420/611/356 477/612/332 464/581/329
f 472/610/355 471/613/357 449/614/358 458/615/350
f 437/598/343 439/599/344 440/488/266 438/487/265
f 441/583/330 437/598/343 438/487/265 442/489/267
f 457/616/359 454/490/268 440/488/266 439/599/344
f 441/583/330 442/489/267 436/492/270 435/584/331
f 445/617/360 459/561/322 448/418/224 446/494/272
f 426/562/315 425/579/327 462/582/178 463/563/178
f 436/495/270 465/498/178 466/618/178 435/619/331
f 460/499/273 444/501/275 443/620/361 461/603/348
f 452/502/276 453/621/362 443/622/361 444/503/275
f 451/544/306 434/570/310 433/623/354 450/607/352
f 421/624/346 449/614/358 471/613/357 483/625/347
f 481/606/351 458/605/350 449/626/358 482/627/363
f 472/610/355 456/608/353 450/607/352 471/613/357
f 460/499/273 461/603/348 445/617/360 446/494/272
f 447/547/309 459/561/322 445/617/360 461/603/348
f 468/574/178 463/563/178 462/582/178 469/628/178
f 467/441/178 468/574/178 469/628/178 470/511/178
f 465/498/178 470/511/178 469/628/178 466/618/178
f 464/581/329 466/618/178 469/628/178 462/582/178
f 461/603/348 483/602/347 433/609/354
f 481/606/351 482/627/363 453/621/362 457/616/359
f 473/588/335 472/610/355 458/615/350 424/629/349
f 476/595/328 475/593/340 423/592/339 420/630/356
f 474/589/336 475/593/340 429/594/341 427/590/337
f 473/588/335 424/629/349 422/591/338 474/589/336
f 464/581/329 476/580/328 420/611/356
f 435/619/331 466/618/178 464/581/329 477/612/332
f 479/586/333 477/585/332 420/631/356 423/632/339
f 480/600/345 478/597/342 422/633/338 424/604/349
f 478/597/342 479/586/333 423/632/339 422/633/338
f 480/600/345 481/606/351 457/616/359 439/599/344
f 452/502/276 454/490/268 457/616/359 453/621/362
f 484/634/364 461/603/348 443/620/361
f 443/622/361 453/621/362 482/627/363 484/635/364
f 433/623/354 483/625/347 471/613/357 450/607/352
f 421/636/346 484/635/364 482/627/363 449/626/358
f 461/603/348 484/634/364 421/601/346

o legs
v 0.177175 0 0.214456
v 0.162421 0.053676 0.214456
v 0.177175 0 0.174456
v 0.162421 0.053676 0.16021
v 0.217175 0 0.214456
v 0.217175 0.053676 0.214456
v 0.217175 0 0.174456
v 0.217175 0.053676 0.16021
v 0.177736 0 0.174456
v 0.163188 0.053676 0.16021
v 0.177736 0 0.214456
v 0.163188 0.053676 0.214456
v 0.215986 0.053676 0.16021
v 0.216306 0 0.214456
v 0.216306 0 0.174456
v 0.215986 0.053676 0.214456
v 0.177175 0 0.214065
v 0.162421 0.053676 0.213926
v 0.217175 0 0.214065
v 0.217175 0.053676 0.213926
v 0.163188 0.053676 0.213926
v 0.177736 0 0.214065
v 0.215986 0.053676 0.213926
v 0.216306 0 0.214065
v 0.162421 0.053676 0.160927
v 0.217175 0 0.174984
v 0.177175 0 0.174984
v 0.217175 0.053676 0.160927
v 0.163188 0.053676 0.160927
v 0.177736 0 0.174984
v 0.215986 0.053676 0.160927
v 0.216306 0 0.174984
v 0.162608 0.052994 0.214456
v 0.162608 0.052994 0.160391
v 0.217175 0.052994 0.160391
v 0.217175 0.052994 0.214456
v 0.163373 0.052994 0.214456
v 0.163373 0.052994 0.160391
v 0.21599 0.052994 0.214456
v 0.21599 0.052994 0.160391
v 0.217175 0.052994 0.213927
v 0.162608 0.052994 0.213927
v 0.217175 0.052994 0.161106
v 0.162608 0.052994 0.161106
v 0.176992 0.000668 0.174278
v 0.217175 0.000668 0.174278
v 0.217175 0.000668 0.214456
v 0.177555 0.000668 0.214456
v 0.177555 0.000668 0.174278
v 0.216302 0.000668 0.214456
v 0.216302 0.000668 0.174278
v 0.217175 0.000668 0.214063
v 0.176992 0.000668 0.214063
v 0.217175 0.000668 0.174809
v 0.176992 0.000668 0.174809
v 0.176992 0.000668 0.214456
v 0.197021 0 0.174456
v 0.189587 0.053676 0.214456
v 0.189587 0.053676 0.16021
v 0.197021 0 0.214456
v 0.197021 0 0.214065
v 0.189587 0.053676 0.213926
v 0.189587 0.053676 0.160927
v 0.197021 0 0.174984
v 0.189681 0.052994 0.160391
v 0.189681 0.052994 0.214456
v 0.196929 0.000668 0.214456
v 0.196929 0.000668 0.174278
v 0.177175 0 0.194525
v 0.217175 0.053676 0.187426
v 0.163188 0.053676 0.187426
v 0.177736 0 0.194525
v 0.215986 0.053676 0.187426
v 0.216306 0 0.194525
v 0.162421 0.053676 0.187426
v 0.217175 0 0.194525
v 0.162608 0.052994 0.187517
v 0.217175 0.052994 0.187517
v 0.217175 0.000668 0.194436
v 0.176992 0.000668 0.194436
v 0.189587 0.053676 0.187426
v 0.197021 0 0.194525
v 0.1698 0.026831 0.214456
v 0.1698 0.026831 0.167335
v 0.217175 0.026831 0.167335
v 0.217175 0.026831 0.214456
v 0.170464 0.026831 0.214456
v 0.170464 0.026831 0.167335
v 0.216146 0.026831 0.214456
v 0.216146 0.026831 0.167335
v 0.217175 0.026831 0.213995
v 0.1698 0.026831 0.213995
v 0.217175 0.026831 0.167958
v 0.1698 0.026831 0.167958
v 0.193305 0.026831 0.214456
v 0.193305 0.026831 0.167335
v 0.217175 0.026831 0.190976
v 0.1698 0.026831 0.190976
v -0.177175 0 0.214456
v -0.162421 0.053676 0.214456
v -0.177175 0 0.174456
v -0.162421 0.053676 0.16021
v -0.217175 0 0.214456
v -0.217175 0.053676 0.214456
v -0.217175 0 0.174456
v -0.217175 0.053676 0.16021
v -0.177736 0 0.174456
v -0.163188 0.053676 0.16021
v -0.177736 0 0.214456
v -0.163188 0.053676 0.214456
v -0.215986 0.053676 0.16021
v -0.216306 0 0.214456
v -0.216306 0 0.174456
v -0.215986 0.053676 0.214456
v -0.177175 0 0.214065
v -0.162421 0.053676 0.213926
v -0.217175 0 0.214065
v -0.217175 0.053676 0.213926
v -0.163188 0.053676 0.213926
v -0.177736 0 0.214065
v -0.215986 0.053676 0.213926
v -0.216306 0 0.214065
v -0.162421 0.053676 0.160927
v -0.217175 0 0.174984
v -0.177175 0 0.174984
v -0.217175 0.053676 0.160927
v -0.163188 0.053676 0.160927
v -0.177736 0 0.174984
v -0.215986 0.053676 0.160927
v -0.216306 0 0.174984
v -0.162608 0.052994 0.214456
v -0.162608 0.052994 0.160391
v -0.217175 0.052994 0.160391
v -0.217175 0.052994 0.214456
v -0.163373 0.052994 0.214456
v -0.163373 0.052994 0.160391
v -0.21599 0.052994 0.214456
v -0.21599 0.052994 0.160391
v -0.217175 0.052994 0.213927
v -0.162608 0.052994 0.213927
v -0.217175 0.052994 0.161106
v -0.162608 0.052994 0.161106
v -0.176992 0.000668 0.174278
v -0.217175 0.000668 0.174278
v -0.217175 0.000668 0.214456
v -0.177555 0.000668 0.214456
v -0.177555 0.000668 0.174278
v -0.216302 0.000668 0.214456
v -0.216302 0.000668 0.174278
v -0.217175 0.000668 0.214063
v -0.176992 0.000668 0.214063
v -0.217175 0.000668 0.174809
v -0.176992 0.000668 0.174809
v -0.176992 0.000668 0.214456
v -0.197021 0 0.174456
v -0.189587 0.053676 0.214456
v -0.189587 0.053676 0.16021
v -0.197021 0 0.214456
v -0.197021 0 0.214065
v -0.189587 0.053676 0.213926
v -0.189587 0.053676 0.160927
v -0.197021 0 0.174984
v -0.189681 0.052994 0.160391
v -0.189681 0.052994 0.214456
v -0.196929 0.000668 0.214456
v -0.196929 0.000668 0.174278
v -0.177175 0 0.194525
v -0.217175 0.053676 0.187426
v -0.163188 0.053676 0.187426
v -0.177736 0 0.194525
v -0.215986 0.053676 0.187426
v -0.216306 0 0.194525
v -0.162421 0.053676 0.187426
v -0.217175 0 0.194525
v -0.162608 0.052994 0.187517
v -0.217175 0.052994 0.187517
v -0.217175 0.000668 0.194436
v -0.176992 0.000668 0.194436
v -0.189587 0.053676 0.187426
v -0.197021 0 0.194525
v -0.1698 0.026831 0.214456
v -0.1698 0.026831 0.167335
v -0.217175 0.026831 0.167335
v -0.217175 0.026831 0.214456
v -0.170464 0.026831 0.214456
v -0.170464 0.026831 0.167335
v -0.216146 0.026831 0.214456
v -0.216146 0.026831 0.167335
v -0.217175 0.026831 0.213995
v -0.1698 0.026831 0.213995
v -0.217175 0.026831 0.167958
v -0.1698 0.026831 0.167958
v -0.193305 0.026831 0.214456
v -0.193305 0.026831 0.167335
v -0.217175 0.026831 0.190976
v -0.1698 0.026831 0.190976
v 0.177175 0 -0.214456
v 0.162421 0.053676 -0.214456
v 0.177175 0 -0.174456
v 0.162421 0.053676 -0.16021
v 0.217175 0 -0.214456
v 0.217175 0.053676 -0.214456
v 0.217175 0 -0.174456
v 0.217175 0.053676 -0.16021
v 0.177736 0 -0.174456
v 0.163188 0.053676 -0.16021
v 0.177736 0 -0.214456
v 0.163188 0.053676 -0.214456
v 0.215986 0.053676 -0.16021
v 0.216306 0 -0.214456
v 0.216306 0 -0.174456
v 0.215986 0.053676 -0.214456
v 0.177175 0 -0.214065
v 0.162421 0.053676 -0.213926
v 0.217175 0 -0.214065
v 0.217175 0.053676 -0.213926
v 0.163188 0.053676 -0.213926
v 0.177736 0 -0.214065
v 0.215986 0.053676 -0.213926
v 0.216306 0 -0.214065
v 0.162421 0.053676 -0.160927
v 0.217175 0 -0.174984
v 0.177175 0 -0.174984
v 0.217175 0.053676 -0.160927
v 0.163188 0.053676 -0.160927
v 0.177736 0 -0.174984
v 0.215986 0.053676 -0.160927
v 0.216306 0 -0.174984
v 0.162608 0.052994 -0.214456
v 0.162608 0.052994 -0.160391
v 0.217175 0.052994 -0.160391
v 0.217175 0.052994 -0.214456
v 0.163373 0.052994 -0.214456
v 0.163373 0.052994 -0.160391
v 0.21599 0.052994 -0.214456
v 0.21599 0.052994 -0.160391
v 0.217175 0.052994 -0.213927
v 0.162608 0.052994 -0.213927
v 0.217175 0.052994 -0.161106
v 0.162608 0.052994 -0.161106
v 0.176992 0.000668 -0.174278
v 0.217175 0.000668 -0.174278
v 0.217175 0.000668 -0.214456
v 0.177555 0.000668 -0.214456
v 0.177555 0.000668 -0.174278
v 0.216302 0.000668 -0.214456
v 0.216302 0.000668 -0.174278
v 0.217175 0.000668 -0.214063
v 0.176992 0.000668 -0.214063
v 0.217175 0.000668 -0.174809
v 0.176992 0.000668 -0.174809
v 0.176992 0.000668 -0.214456
v 0.197021 0 -0.174456
v 0.189587 0.053676 -0.214456
v 0.189587 0.053676 -0.16021
v 0.197021 0 -0.214456
v 0.197021 0 -0.214065
v 0.189587 0.053676 -0.213926
v 0.189587 0.053676 -0.160927
v 0.197021 0 -0.174984
v 0.189681 0.052994 -0.160391
v 0.189681 0.052994 -0.214456
v 0.196929 0.000668 -0.214456
v 0.196929 0.000668 -0.174278
v 0.177175 0 -0.194525
v 0.217175 0.053676 -0.187426
v 0.163188 0.053676 -0.187426
v 0.177736 0 -0.194525
v 0.215986 0.053676 -0.187426
v 0.216306 0 -0.194525
v 0.162421 0.053676 -0.187426
v 0.217175 0 -0.194525
v 0.162608 0.052994 -0.187517
v 0.217175 0.052994 -0.187517
v 0.217175 0.000668 -0.194436
v 0.176992 0.000668 -0.194436
v 0.189587 0.053676 -0.187426
v 0.197021 0 -0.194525
v 0.1698 0.026831 -0.214456
v 0.1698 0.026831 -0.167335
v 0.217175 0.026831 -0.167335
v 0.217175 0.026831 -0.214456
v 0.170464 0.026831 -0.214456
v 0.170464 0.026831 -0.167335
v 0.216146 0.026831 -0.214456
v 0.216146 0.026831 -0.167335
v 0.217175 0.026831 -0.213995
v 0.1698 0.026831 -0.213995
v 0.217175 0.026831 -0.167958
v 0.1698 0.026831 -0.167958
v 0.193305 0.026831 -0.214456
v 0.193305 0.026831 -0.167335
v 0.217175 0.026831 -0.190976
v 0.1698 0.026831 -0.190976
v -0.177175 0 -0.214456
v -0.162421 0.053676 -0.214456
v -0.177175 0 -0.174456
v -0.162421 0.053676 -0.16021
v -0.217175 0 -0.214456
v -0.217175 0.053676 -0.214456
v -0.217175 0 -0.174456
v -0.217175 0.053676 -0.16021
v -0.177736 0 -0.174456
v -0.163188 0.053676 -0.16021
v -0.177736 0 -0.214456
v -0.163188 0.053676 -0.214456
v -0.215986 0.053676 -0.16021
v -0.216306 0 -0.214456
v -0.216306 0 -0.174456
v -0.215986 0.053676 -0.214456
v -0.177175 0 -0.214065
v -0.162421 0.053676 -0.213926
v -0.217175 0 -0.214065
v -0.217175 0.053676 -0.213926
v -0.163188 0.053676 -0.213926
v -0.177736 0 -0.214065
v -0.215986 0.053676 -0.213926
v -0.216306 0 -0.214065
v -0.162421 0.053676 -0.160927
v -0.217175 0 -0.174984
v -0.177175 0 -0.174984
v -0.217175 0.053676 -0.160927
v -0.163188 0.053676 -0.160927
v -0.177736 0 -0.174984
v -0.215986 0.053676 -0.160927
v -0.216306 0 -0.174984
v -0.162608 0.052994 -0.214456
v -0.162608 0.052994 -0.160391
v -0.217175 0.052994 -0.160391
v -0.217175 0.052994 -0.214456
v -0.163373 0.052994 -0.214456
v -0.163373 0.052994 -0.160391
v -0.21599 0.052994 -0.214456
v -0.21599 0.052994 -0.160391
v -0.217175 0.052994 -0.213927
v -0.162608 0.052994 -0.213927
v -0.217175 0.052994 -0.161106
v -0.162608 0.052994 -0.161106
v -0.176992 0.000668 -0.174278
v -0.217175 0.000668 -0.174278
v -0.217175 0.000668 -0.214456
v -0.177555 0.000668 -0.214456
v -0.177555 0.000668 -0.174278
v -0.216302 0.000668 -0.214456
v -0.216302 0.000668 -0.174278
v -0.217175 0.000668 -0.214063
v -0.176992 0.000668 -0.214063
v -0.217175 0.000668 -0.174809
v -0.176992 0.000668 -0.174809
v -0.176992 0.000668 -0.214456
v -0.197021 0 -0.174456
v -0.189587 0.053676 -0.214456
v -0.189587 0.053676 -0.16021
v -0.197021 0 -0.214456
v -0.197021 0 -0.214065
v -0.189587 0.053676 -0.213926
v -0.189587 0.053676 -0.160927
v -0.197021 0 -0.174984
v -0.189681 0.052994 -0.160391
v -0.189681 0.052994 -0.214456
v -0.196929 0.000668 -0.214456
v -0.196929 0.000668 -0.174278
v -0.177175 0 -0.194525
v -0.217175 0.053676 -0.187426
v -0.163188 0.053676 -0.187426
v -0.177736 0 -0.194525
v -0.215986 0.053676 -0.187426
v -0.216306 0 -0.194525
v -0.162421 0.053676 -0.187426
v -0.217175 0 -0.194525
v -0.162608 0.052994 -0.187517
v -0.217175 0.052994 -0.187517
v -0.217175 0.000668 -0.194436
v -0.176992 0.000668 -0.194436
v -0.189587 0.053676 -0.187426
v -0.197021 0 -0.194525
v -0.1698 0.026831 -0.214456
v -0.1698 0.026831 -0.167335
v -0.217175 0.026831 -0.167335
v -0.217175 0.026831 -0.214456
v -0.170464 0.026831 -0.214456
v -0.170464 0.026831 -0.167335
v -0.216146 0.026831 -0.214456
v -0.216146 0.026831 -0.167335
v -0.217175 0.026831 -0.213995
v -0.1698 0.026831 -0.213995
v -0.217175 0.026831 -0.167958
v -0.1698 0.026831 -0.167958
v -0.193305 0.026831 -0.214456
v -0.193305 0.026831 -0.167335
v -0.217175 0.026831 -0.190976
v -0.1698 0.026831 -0.190976
vn -0.795118 0.606454 0
vn -0.666493 0.331069 -0.667967
vn -0.659838 -0.35668 -0.661356
vn -0.964319 -0.264743 0
vn 0 0.609704 -0.792629
vn 0.634112 0.471448 -0.612894
vn 0.707107 -0.181392 -0.683445
vn 0 -0.256526 -0.966537
vn 0.707107 0.707107 0
vn 0.57735 0.57735 0.57735
vn 0.707107 0 0.707107
vn 1 0 0
vn 0 0.707107 0.707107
vn -0.613494 0.467926 0.636137
vn -0.681876 -0.187202 0.707107
vn 0 0 1
vn 0 -1 0
vn 0.707107 -0.707107 0
vn 0.57735 -0.57735 0.57735
vn 0 -0.707107 0.707107
vn 0 1 0
vn -0.60654 -0.795053 0
vn -0.513445 -0.673025 0.532364
vn 0 -0.79293 -0.609313
vn 0.533385 -0.670718 -0.515401
vn -0.471766 -0.744334 -0.472657
vn -0.964232 -0.26506 0
vn 0.707107 -0.181383 -0.683447
vn -0.681815 -0.187426 0.707107
vn 0 -0.256514 -0.966541
vn -0.659755 -0.356876 -0.661334
vn -0.964348 -0.264639 0
vn -0.659829 -0.356908 -0.661243
vn 0 -0.256986 -0.966415
vn 0.707107 -0.181716 -0.683359
vn -0.681897 -0.187128 0.707107
vn 0.666493 0.331069 -0.667967
vn 0.795118 0.606454 0
vn 0.964319 -0.264743 0
vn 0.659838 -0.35668 -0.661356
vn -0.634112 0.471448 -0.612894
vn -0.707107 -0.181392 -0.683445
vn -0.57735 0.57735 0.57735
vn -0.707107 0.707107 0
vn -1 0 0
vn -0.707107 0 0.707107
vn 0.613494 0.467926 0.636137
vn 0.681876 -0.187202 0.707107
vn -0.57735 -0.57735 0.57735
vn -0.707107 -0.707107 0
vn 0.60654 -0.795053 0
vn 0.513445 -0.673025 0.532364
vn -0.533385 -0.670718 -0.515401
vn 0.471766 -0.744334 -0.472657
vn 0.964232 -0.26506 0
vn -0.707107 -0.181383 -0.683447
vn 0.681815 -0.187426 0.707107
vn 0.659755 -0.356876 -0.661334
vn 0.659829 -0.356908 -0.661243
vn 0.964348 -0.264639 0
vn -0.707107 -0.181716 -0.683359
vn 0.681897 -0.187128 0.707107
vn -0.666493 0.331069 0.667967
vn -0.659838 -0.35668 0.661356
vn 0.634112 0.471448 0.612894
vn 0 0.609704 0.792629
vn 0 -0.256526 0.966537
vn 0.707107 -0.181392 0.683445
vn 0.57735 0.57735 -0.57735
vn 0.707107 0 -0.707107
vn -0.613494 0.467926 -0.636137
vn 0 0.707107 -0.707107
vn 0 0 -1
vn -0.681876 -0.187202 -0.707107
vn 0 -0.707107 -0.707107
vn 0.57735 -0.57735 -0.57735
vn -0.513445 -0.673025 -0.532364
vn 0 -0.79293 0.609313
vn 0.533385 -0.670718 0.515401
vn -0.471766 -0.744334 0.472657
vn 0.707107 -0.181383 0.683447
vn -0.681815 -0.187426 -0.707107
vn 0 -0.256514 0.966541
vn -0.659755 -0.356876 0.661334
vn -0.659829 -0.356908 0.661243
vn 0.707107 -0.181716 0.683359
vn 0 -0.256986 0.966415
vn -0.681897 -0.187128 -0.707107
vn 0.666493 0.331069 0.667967
vn 0.659838 -0.35668 0.661356
vn -0.634112 0.471448 0.612894
vn -0.707107 -0.181392 0.683445
vn -0.57735 0.57735 -0.57735
vn -0.707107 0 -0.707107
vn 0.613494 0.467926 -0.636137
vn 0.681876 -0.187202 -0.707107
vn -0.57735 -0.57735 -0.57735
vn 0.513445 -0.673025 -0.532364
vn -0.533385 -0.670718 0.515401
vn 0.471766 -0.744334 0.472657
vn -0.707107 -0.181383 0.683447
vn 0.681815 -0.187426 -0.707107
vn 0.659755 -0.356876 0.661334
vn 0.659829 -0.356908 0.661243
vn -0.707107 -0.181716 0.683359
vn 0.681897 -0.187128 -0.707107
vt 0.245288 0.832597
vt 0.245288 0.83218
vt 0.245776 0.83218
vt 0.245776 0.832597
vt 0.245288 0.927602
vt 0.245288 0.926914
vt 0.245776 0.926914
vt 0.245776 0.927602
vt 0.245288 0.895701
vt 0.245288 0.895393
vt 0.245776 0.895393
vt 0.245776 0.895701
vt 0.245288 0.864146
vt 0.245288 0.863702
vt 0.245776 0.863702
vt 0.245776 0.864146
vt 0.260647 0.993863
vt 0.261247 0.993863
vt 0.261247 0.994132
vt 0.260647 0.994132
vt 0.238796 0.778783
vt 0.239326 0.778783
vt 0.239326 0.779149
vt 0.238796 0.779149
vt 0.220554 0.778783
vt 0.220554 0.779149
vt 0.233609 0.993864
vt 0.233997 0.993864
vt 0.233997 0.994132
vt 0.233609 0.994132
vt 0.245288 0.879425
vt 0.245776 0.879425
vt 0.245288 0.958605
vt 0.245288 0.958161
vt 0.245776 0.958161
vt 0.245776 0.958605
vt 0.245288 0.894705
vt 0.245776 0.894705
vt 0.20149 0.778783
vt 0.202312 0.778783
vt 0.202312 0.779149
vt 0.20149 0.779149
vt 0.247321 0.993863
vt 0.247321 0.994132
vt 0.245288 0.942882
vt 0.245776 0.942882
vt 0.247321 0.980362
vt 0.260647 0.980362
vt 0.20149 0.760472
vt 0.202312 0.760472
vt 0.233609 0.980362
vt 0.233996 0.980362
vt 0.220554 0.760472
vt 0.238796 0.760472
vt 0.239326 0.760472
vt 0.261247 0.980362
vt 0.245288 0.911099
vt 0.245776 0.911099
vt 0.245288 0.863394
vt 0.245776 0.863394
vt 0.245288 0.926498
vt 0.245776 0.926498
vt 0.260647 0.966495
vt 0.261247 0.966495
vt 0.261247 0.96686
vt 0.260647 0.96686
vt 0.238796 0.741665
vt 0.239326 0.741665
vt 0.239326 0.742161
vt 0.238796 0.742161
vt 0.220554 0.741665
vt 0.220554 0.742161
vt 0.233609 0.966494
vt 0.233997 0.966494
vt 0.233997 0.96686
vt 0.233609 0.96686
vt 0.20149 0.741666
vt 0.202312 0.741666
vt 0.202312 0.742161
vt 0.20149 0.742161
vt 0.247321 0.966495
vt 0.247321 0.96686
vt 0.245288 0.847995
vt 0.245776 0.847995
vt 0.264511 0.832597
vt 0.264511 0.847995
vt 0.264511 0.926498
vt 0.264511 0.926914
vt 0.264511 0.863394
vt 0.264511 0.863702
vt 0.264511 0.895701
vt 0.264511 0.911099
vt 0.264511 0.927602
vt 0.264511 0.942882
vt 0.264511 0.894705
vt 0.264511 0.895393
vt 0.264511 0.958161
vt 0.264511 0.958605
vt 0.264511 0.864146
vt 0.264511 0.879425
vt 0.264511 0.83218
vt 0.283246 0.832597
vt 0.283246 0.83218
vt 0.283724 0.83218
vt 0.283724 0.832597
vt 0.283246 0.927602
vt 0.283246 0.926914
vt 0.283724 0.926914
vt 0.283724 0.927602
vt 0.283246 0.895701
vt 0.283246 0.895393
vt 0.283724 0.895393
vt 0.283724 0.895701
vt 0.283246 0.864146
vt 0.283246 0.863702
vt 0.283724 0.863702
vt 0.283724 0.864146
vt 0.283246 0.879425
vt 0.283724 0.879425
vt 0.283246 0.958605
vt 0.283246 0.958161
vt 0.283724 0.958161
vt 0.283724 0.958605
vt 0.283246 0.894705
vt 0.283724 0.894705
vt 0.283246 0.942882
vt 0.283724 0.942882
vt 0.283246 0.911099
vt 0.283724 0.911099
vt 0.283246 0.863394
vt 0.283724 0.863394
vt 0.283246 0.926498
vt 0.283724 0.926498
vt 0.283246 0.847995
vt 0.283724 0.847995
vt 0.245288 0.824293
vt 0.245288 0.823877
vt 0.245776 0.823877
vt 0.245776 0.824293
vt 0.245288 0.729558
vt 0.245288 0.72887
vt 0.245776 0.72887
vt 0.245776 0.729558
vt 0.245288 0.76108
vt 0.245288 0.760772
vt 0.245776 0.760772
vt 0.245776 0.76108
vt 0.245288 0.792771
vt 0.245288 0.792327
vt 0.245776 0.792327
vt 0.245776 0.792771
vt 0.269247 0.993865
vt 0.269247 0.994135
vt 0.268647 0.994135
vt 0.268647 0.993865
vt 0.202021 0.822572
vt 0.202021 0.822938
vt 0.20149 0.822938
vt 0.20149 0.822572
vt 0.220257 0.822572
vt 0.220257 0.822938
vt 0.296288 0.993865
vt 0.296288 0.994135
vt 0.295901 0.994135
vt 0.295901 0.993865
vt 0.245288 0.777048
vt 0.245776 0.777048
vt 0.245288 0.698311
vt 0.245288 0.697867
vt 0.245776 0.697867
vt 0.245776 0.698311
vt 0.245288 0.761768
vt 0.245776 0.761768
vt 0.239317 0.822572
vt 0.239317 0.822938
vt 0.238495 0.822938
vt 0.238495 0.822572
vt 0.282574 0.993865
vt 0.282574 0.994135
vt 0.245288 0.71359
vt 0.245776 0.71359
vt 0.282574 0.980363
vt 0.269247 0.980363
vt 0.239317 0.804266
vt 0.238495 0.804266
vt 0.296288 0.980363
vt 0.295901 0.980363
vt 0.220257 0.804266
vt 0.202021 0.804266
vt 0.20149 0.804266
vt 0.268647 0.980363
vt 0.245288 0.745373
vt 0.245776 0.745373
vt 0.245288 0.793079
vt 0.245776 0.793079
vt 0.245288 0.729975
vt 0.245776 0.729975
vt 0.269247 0.966494
vt 0.269247 0.96686
vt 0.268647 0.96686
vt 0.268647 0.966494
vt 0.20202 0.785463
vt 0.20202 0.785958
vt 0.20149 0.785958
vt 0.20149 0.785463
vt 0.220257 0.785463
vt 0.220257 0.785958
vt 0.296288 0.966495
vt 0.296288 0.96686
vt 0.295901 0.96686
vt 0.295901 0.966495
vt 0.239317 0.785463
vt 0.239317 0.785958
vt 0.238495 0.785958
vt 0.238495 0.785463
vt 0.282574 0.966495
vt 0.282574 0.96686
vt 0.245288 0.808478
vt 0.245776 0.808478
vt 0.264512 0.808478
vt 0.264512 0.823877
vt 0.264512 0.729558
vt 0.264512 0.729975
vt 0.264512 0.792771
vt 0.264512 0.793079
vt 0.264512 0.745373
vt 0.264512 0.760772
vt 0.264512 0.71359
vt 0.264512 0.72887
vt 0.264512 0.76108
vt 0.264512 0.761768
vt 0.264512 0.697867
vt 0.264512 0.698311
vt 0.264512 0.777048
vt 0.264512 0.792327
vt 0.264512 0.824293
vt 0.283247 0.824293
vt 0.283247 0.823877
vt 0.283725 0.823877
vt 0.283725 0.824293
vt 0.283247 0.729558
vt 0.283247 0.72887
vt 0.283725 0.72887
vt 0.283725 0.729558
vt 0.283247 0.76108
vt 0.283247 0.760772
vt 0.283725 0.760772
vt 0.283725 0.76108
vt 0.283247 0.792771
vt 0.283247 0.792327
vt 0.283725 0.792327
vt 0.283725 0.792771
vt 0.283247 0.777048
vt 0.283725 0.777048
vt 0.283247 0.698311
vt 0.283247 0.697867
vt 0.283725 0.697867
vt 0.283725 0.698311
vt 0.283247 0.761768
vt 0.283725 0.761768
vt 0.283247 0.71359
vt 0.283725 0.71359
vt 0.283247 0.745373
vt 0.283725 0.745373
vt 0.283247 0.793079
vt 0.283725 0.793079
vt 0.283247 0.729975
vt 0.283725 0.729975
vt 0.283247 0.808478
vt 0.283725 0.808478
vt 0.292006 0.824295
vt 0.292006 0.823879
vt 0.292494 0.823879
vt 0.292494 0.824295
vt 0.292006 0.729559
vt 0.292006 0.728871
vt 0.292494 0.728871
vt 0.292494 0.729559
vt 0.292006 0.761081
vt 0.292006 0.760773
vt 0.292494 0.760773
vt 0.292494 0.761081
vt 0.292006 0.792773
vt 0.292006 0.792329
vt 0.292494 0.792329
vt 0.292494 0.792773
vt 0.237286 0.873329
vt 0.237286 0.873058
vt 0.237886 0.873058
vt 0.237886 0.873329
vt 0.238802 0.698234
vt 0.238802 0.697868
vt 0.239332 0.697868
vt 0.239332 0.698234
vt 0.220558 0.698233
vt 0.220558 0.697868
vt 0.21025 0.873329
vt 0.21025 0.873058
vt 0.210637 0.873058
vt 0.210637 0.873329
vt 0.292006 0.777049
vt 0.292494 0.777049
vt 0.292006 0.698311
vt 0.292006 0.697867
vt 0.292494 0.697867
vt 0.292494 0.698311
vt 0.292006 0.761769
vt 0.292494 0.761769
vt 0.20149 0.698233
vt 0.201491 0.697867
vt 0.202313 0.697867
vt 0.202313 0.698233
vt 0.223961 0.873329
vt 0.223961 0.873058
vt 0.292006 0.713591
vt 0.292494 0.713591
vt 0.223961 0.88683
vt 0.237286 0.88683
vt 0.20149 0.716548
vt 0.202313 0.716548
vt 0.21025 0.88683
vt 0.210637 0.88683
vt 0.220558 0.716548
vt 0.238802 0.716548
vt 0.239332 0.716548
vt 0.237886 0.88683
vt 0.292006 0.745374
vt 0.292494 0.745374
vt 0.292006 0.793081
vt 0.292494 0.793081
vt 0.292006 0.729975
vt 0.292494 0.729975
vt 0.237286 0.900696
vt 0.237286 0.900331
vt 0.237886 0.900331
vt 0.237886 0.900696
vt 0.238802 0.735358
vt 0.238802 0.734863
vt 0.239332 0.734863
vt 0.239332 0.735358
vt 0.220558 0.735358
vt 0.220558 0.734863
vt 0.21025 0.900696
vt 0.21025 0.90033
vt 0.210637 0.90033
vt 0.210637 0.900696
vt 0.20149 0.735358
vt 0.20149 0.734863
vt 0.202313 0.734863
vt 0.202313 0.735358
vt 0.223961 0.900696
vt 0.223961 0.90033
vt 0.292006 0.80848
vt 0.292494 0.80848
vt 0.31123 0.80848
vt 0.31123 0.823879
vt 0.31123 0.729559
vt 0.31123 0.729975
vt 0.31123 0.792773
vt 0.31123 0.793081
vt 0.31123 0.745374
vt 0.31123 0.760773
vt 0.31123 0.713591
vt 0.31123 0.728871
vt 0.31123 0.761081
vt 0.31123 0.761769
vt 0.31123 0.697867
vt 0.31123 0.698311
vt 0.31123 0.777049
vt 0.31123 0.792329
vt 0.31123 0.824295
vt 0.329965 0.824295
vt 0.329965 0.823879
vt 0.330443 0.823879
vt 0.330443 0.824295
vt 0.329965 0.729559
vt 0.329965 0.728871
vt 0.330443 0.728871
vt 0.330443 0.729559
vt 0.329965 0.761081
vt 0.329965 0.760773
vt 0.330443 0.760773
vt 0.330443 0.761081
vt 0.329965 0.792773
vt 0.329965 0.792329
vt 0.330443 0.792329
vt 0.330443 0.792773
vt 0.329965 0.777049
vt 0.330443 0.777049
vt 0.329965 0.698311
vt 0.329965 0.697867
vt 0.330443 0.697867
vt 0.330443 0.698311
vt 0.329965 0.761769
vt 0.330443 0.761769
vt 0.329965 0.713591
vt 0.330443 0.713591
vt 0.329965 0.745374
vt 0.330443 0.745374
vt 0.329965 0.793081
vt 0.330443 0.793081
vt 0.329965 0.729975
vt 0.330443 0.729975
vt 0.329965 0.80848
vt 0.330443 0.80848
vt 0.292006 0.832597
vt 0.292006 0.83218
vt 0.292494 0.83218
vt 0.292494 0.832597
vt 0.292006 0.927604
vt 0.292006 0.926916
vt 0.292494 0.926916
vt 0.292494 0.927604
vt 0.292006 0.895702
vt 0.292006 0.895394
vt 0.292494 0.895394
vt 0.292494 0.895702
vt 0.292006 0.864146
vt 0.292006 0.863702
vt 0.292494 0.863702
vt 0.292494 0.864146
vt 0.304286 0.966765
vt 0.303685 0.966765
vt 0.303685 0.966495
vt 0.304286 0.966495
vt 0.238785 0.866369
vt 0.239316 0.866369
vt 0.239316 0.866735
vt 0.238785 0.866735
vt 0.220549 0.866369
vt 0.220549 0.866735
vt 0.33133 0.966764
vt 0.330943 0.966764
vt 0.330943 0.966494
vt 0.33133 0.966494
vt 0.292006 0.879426
vt 0.292494 0.879426
vt 0.292006 0.958608
vt 0.292006 0.958163
vt 0.292494 0.958163
vt 0.292494 0.958608
vt 0.292006 0.894706
vt 0.292494 0.894706
vt 0.20149 0.866369
vt 0.202312 0.866369
vt 0.202312 0.866735
vt 0.20149 0.866735
vt 0.317614 0.966765
vt 0.317614 0.966495
vt 0.292006 0.942884
vt 0.292494 0.942884
vt 0.317614 0.98027
vt 0.304286 0.98027
vt 0.20149 0.848063
vt 0.202312 0.848063
vt 0.33133 0.98027
vt 0.330943 0.98027
vt 0.220549 0.848063
vt 0.238785 0.848063
vt 0.239316 0.848063
vt 0.303685 0.98027
vt 0.292006 0.911101
vt 0.292494 0.911101
vt 0.292006 0.863394
vt 0.292494 0.863394
vt 0.292006 0.926499
vt 0.292494 0.926499
vt 0.304286 0.994141
vt 0.303685 0.994141
vt 0.303685 0.993775
vt 0.304286 0.993775
vt 0.238785 0.82926
vt 0.239316 0.82926
vt 0.239316 0.829756
vt 0.238785 0.829756
vt 0.220549 0.82926
vt 0.220549 0.829756
vt 0.33133 0.994141
vt 0.330943 0.994141
vt 0.330943 0.993775
vt 0.33133 0.993775
vt 0.20149 0.829262
vt 0.202312 0.829262
vt 0.202312 0.829756
vt 0.20149 0.829756
vt 0.317614 0.994141
vt 0.317614 0.993775
vt 0.292006 0.847995
vt 0.292494 0.847995
vt 0.311229 0.832597
vt 0.311229 0.847995
vt 0.311229 0.926499
vt 0.311229 0.926916
vt 0.311229 0.863394
vt 0.311229 0.863702
vt 0.311229 0.895702
vt 0.311229 0.911101
vt 0.311229 0.927604
vt 0.311229 0.942884
vt 0.311229 0.894706
vt 0.311229 0.895394
vt 0.311229 0.958163
vt 0.311229 0.958608
vt 0.311229 0.864146
vt 0.311229 0.879426
vt 0.311229 0.83218
vt 0.329965 0.832597
vt 0.329965 0.83218
vt 0.330443 0.83218
vt 0.330443 0.832597
vt 0.329965 0.927604
vt 0.329965 0.926916
vt 0.330443 0.926916
vt 0.330443 0.927604
vt 0.329965 0.895702
vt 0.329965 0.895394
vt 0.330443 0.895394
vt 0.330443 0.895702
vt 0.329965 0.864146
vt 0.329965 0.863702
vt 0.330443 0.863702
vt 0.330443 0.864146
vt 0.329965 0.879426
vt 0.330443 0.879426
vt 0.329965 0.958608
vt 0.329965 0.958163
vt 0.330443 0.958163
vt 0.330443 0.958608
vt 0.329965 0.894706
vt 0.330443 0.894706
vt 0.329965 0.942884
vt 0.330443 0.942884
vt 0.329965 0.911101
vt 0.330443 0.911101
vt 0.329965 0.863394
vt 0.330443 0.863394
vt 0.329965 0.926499
vt 0.330443 0.926499
vt 0.329965 0.847995
vt 0.330443 0.847995
mtllib square-ottoman-bench-001.mtl
usemtl _null_
g Default
f 509/637/365 488/638/366 518/639/367 528/640/368
f 497/641/369 492/642/370 519/643/371 524/644/372
f 504/645/373 490/646/374 520/647/375 525/648/376
f 496/649/377 486/650/378 517/651/379 521/652/380
f 508/653/381 503/654/382 489/655/383 498/656/384
f 505/657/385 502/658/365 486/659/378 496/660/377
f 546/661/385 505/657/385 496/660/377 542/662/377
f 501/663/386 506/664/381 495/665/384 485/666/387
f 542/667/377 496/649/377 521/652/380 550/668/380
f 488/669/366 494/670/369 522/671/372 518/672/367
f 490/646/374 500/673/377 523/674/380 520/647/375
f 504/675/373 507/676/385 500/677/377 490/678/374
f 545/679/381 508/653/381 498/656/384 544/680/384
f 543/681/369 497/641/369 524/644/372 549/682/372
f 566/683/381 558/684/381 508/653/381 545/679/381
f 554/685/373 557/686/385 507/676/385 504/675/373
f 553/687/386 556/688/381 506/664/381 501/663/386
f 565/689/385 555/690/385 505/657/385 546/661/385
f 555/690/385 559/691/365 502/658/365 505/657/385
f 558/684/381 560/692/382 503/654/382 508/653/381
f 554/693/373 504/645/373 525/648/376 562/694/376
f 486/650/378 502/695/365 526/696/368 517/651/379
f 492/642/370 512/697/373 527/698/376 519/643/371
f 499/699/388 491/700/389 510/701/382 516/702/381
f 494/703/369 488/704/366 509/705/365 513/706/385
f 543/707/369 494/703/369 513/706/385 547/708/385
f 487/709/390 493/710/388 514/711/381 511/712/386
f 492/713/370 497/714/369 515/715/385 512/716/373
f 541/717/388 499/699/388 516/702/381 548/718/381
f 559/719/365 509/637/365 528/640/368 561/720/368
f 561/720/368 528/640/368 578/721/391 582/722/391
f 519/643/371 527/698/376 577/723/376 569/724/392
f 517/651/379 526/696/368 576/725/391 567/726/393
f 562/694/376 525/648/376 575/727/376 581/728/376
f 549/682/372 524/644/372 574/729/394 580/730/394
f 520/647/375 523/674/380 573/731/380 570/732/375
f 518/672/367 522/671/372 572/733/394 568/734/395
f 550/668/380 521/652/380 571/735/380 579/736/380
f 521/652/380 517/651/379 567/726/393 571/735/380
f 525/648/376 520/647/375 570/732/375 575/727/376
f 524/644/372 519/643/371 569/724/392 574/729/394
f 528/640/368 518/639/367 568/737/395 578/721/391
f 539/738/396 529/739/397 487/740/390 511/741/386
f 535/742/398 530/743/399 491/744/389 499/745/388
f 536/746/376 531/747/375 489/748/383 503/749/382
f 532/750/380 540/751/400 485/752/387 495/753/384
f 551/754/380 532/750/380 495/753/384 544/755/384
f 529/756/397 533/757/398 493/758/388 487/759/390
f 531/747/375 534/760/380 498/761/384 489/748/383
f 552/762/398 535/742/398 499/745/388 541/763/388
f 563/764/376 536/746/376 503/749/382 560/765/382
f 540/751/400 537/766/396 501/767/386 485/752/387
f 530/743/399 538/768/376 510/769/382 491/744/389
f 564/770/396 539/738/396 511/741/386 553/771/386
f 533/757/398 552/762/398 541/763/388 493/758/388
f 534/760/380 551/754/380 544/755/384 498/761/384
f 523/674/380 550/668/380 579/736/380 573/731/380
f 522/671/372 549/682/372 580/730/394 572/733/394
f 493/710/388 541/717/388 548/718/381 514/711/381
f 497/714/369 543/707/369 547/708/385 515/715/385
f 557/686/385 565/689/385 546/661/385 507/676/385
f 556/688/381 566/683/381 545/679/381 506/664/381
f 494/670/369 543/681/369 549/682/372 522/671/372
f 506/664/381 545/679/381 544/680/384 495/665/384
f 500/673/377 542/667/377 550/668/380 523/674/380
f 507/676/385 546/661/385 542/662/377 500/677/377
f 514/711/381 548/718/381 566/683/381 556/688/381
f 515/715/385 547/708/385 565/689/385 557/686/385
f 537/766/396 564/770/396 553/771/386 501/767/386
f 538/768/376 563/764/376 560/765/382 510/769/382
f 527/698/376 562/694/376 581/728/376 577/723/376
f 526/696/368 561/720/368 582/722/391 576/725/391
f 502/695/365 559/719/365 561/720/368 526/696/368
f 512/697/373 554/693/373 562/694/376 527/698/376
f 516/702/381 510/701/382 560/692/382 558/684/381
f 513/706/385 509/705/365 559/691/365 555/690/385
f 547/708/385 513/706/385 555/690/385 565/689/385
f 511/712/386 514/711/381 556/688/381 553/687/386
f 512/716/373 515/715/385 557/686/385 554/685/373
f 548/718/381 516/702/381 558/684/381 566/683/381
f 576/725/391 582/722/391 564/770/396 537/766/396
f 577/723/376 581/728/376 563/764/376 538/768/376
f 572/733/394 580/730/394 552/762/398 533/757/398
f 573/731/380 579/736/380 551/754/380 534/760/380
f 578/721/391 568/737/395 529/739/397 539/738/396
f 574/729/394 569/724/392 530/743/399 535/742/398
f 575/727/376 570/732/375 531/747/375 536/746/376
f 571/735/380 567/726/393 540/751/400 532/750/380
f 579/736/380 571/735/380 532/750/380 551/754/380
f 568/734/395 572/733/394 533/757/398 529/756/397
f 570/732/375 573/731/380 534/760/380 531/747/375
f 580/730/394 574/729/394 535/742/398 552/762/398
f 581/728/376 575/727/376 536/746/376 563/764/376
f 567/726/393 576/725/391 537/766/396 540/751/400
f 569/724/392 577/723/376 538/768/376 530/743/399
f 582/722/391 578/721/391 539/738/396 564/770/396
f 586/772/401 607/773/402 626/774/403 616/775/404
f 590/776/405 595/777/369 622/778/372 617/779/406
f 588/780/407 602/781/408 623/782/409 618/783/410
f 584/784/411 594/785/377 619/786/380 615/787/412
f 606/788/381 596/789/384 587/790/413 601/791/414
f 603/792/385 594/793/377 584/794/411 600/795/402
f 644/796/385 640/797/377 594/793/377 603/792/385
f 599/798/415 583/799/416 593/800/384 604/801/381
f 594/785/377 640/802/377 648/803/380 619/786/380
f 592/804/369 586/805/401 616/806/404 620/807/372
f 598/808/377 588/780/407 618/783/410 621/809/380
f 602/810/408 588/811/407 598/812/377 605/813/385
f 643/814/381 642/815/384 596/789/384 606/788/381
f 595/777/369 641/816/369 647/817/372 622/778/372
f 664/818/381 643/814/381 606/788/381 656/819/381
f 652/820/408 602/810/408 605/813/385 655/821/385
f 651/822/415 599/798/415 604/801/381 654/823/381
f 663/824/385 644/796/385 603/792/385 653/825/385
f 653/825/385 603/792/385 600/795/402 657/826/402
f 656/819/381 606/788/381 601/791/414 658/827/414
f 602/781/408 652/828/408 660/829/409 623/782/409
f 600/830/402 584/784/411 615/787/412 624/831/403
f 610/832/408 590/776/405 617/779/406 625/833/409
f 597/834/388 614/835/381 608/836/414 589/837/417
f 592/838/369 611/839/385 607/840/402 586/841/401
f 641/842/369 645/843/385 611/839/385 592/838/369
f 585/844/418 609/845/415 612/846/381 591/847/388
f 590/848/405 610/849/408 613/850/385 595/851/369
f 639/852/388 646/853/381 614/835/381 597/834/388
f 607/773/402 657/854/402 659/855/403 626/774/403
f 626/774/403 659/855/403 680/856/419 676/857/419
f 625/833/409 617/779/406 667/858/420 675/859/409
f 624/831/403 615/787/412 665/860/421 674/861/419
f 623/782/409 660/829/409 679/862/409 673/863/409
f 622/778/372 647/817/372 678/864/394 672/865/394
f 621/809/380 618/783/410 668/866/410 671/867/380
f 620/807/372 616/806/404 666/868/422 670/869/394
f 619/786/380 648/803/380 677/870/380 669/871/380
f 615/787/412 619/786/380 669/871/380 665/860/421
f 618/783/410 623/782/409 673/863/409 668/866/410
f 617/779/406 622/778/372 672/865/394 667/858/420
f 616/775/404 626/774/403 676/857/419 666/872/422
f 627/873/423 637/874/424 609/875/415 585/876/418
f 628/877/425 633/878/398 597/879/388 589/880/417
f 629/881/410 634/882/409 601/883/414 587/884/413
f 638/885/426 630/886/380 593/887/384 583/888/416
f 630/886/380 649/889/380 642/890/384 593/887/384
f 631/891/398 627/892/423 585/893/418 591/894/388
f 632/895/380 629/881/410 587/884/413 596/896/384
f 633/878/398 650/897/398 639/898/388 597/879/388
f 634/882/409 661/899/409 658/900/414 601/883/414
f 635/901/424 638/885/426 583/888/416 599/902/415
f 636/903/409 628/877/425 589/880/417 608/904/414
f 637/874/424 662/905/424 651/906/415 609/875/415
f 650/897/398 631/891/398 591/894/388 639/898/388
f 649/889/380 632/895/380 596/896/384 642/890/384
f 648/803/380 621/809/380 671/867/380 677/870/380
f 647/817/372 620/807/372 670/869/394 678/864/394
f 591/847/388 612/846/381 646/853/381 639/852/388
f 595/851/369 613/850/385 645/843/385 641/842/369
f 655/821/385 605/813/385 644/796/385 663/824/385
f 654/823/381 604/801/381 643/814/381 664/818/381
f 641/816/369 592/804/369 620/807/372 647/817/372
f 604/801/381 593/800/384 642/815/384 643/814/381
f 640/802/377 598/808/377 621/809/380 648/803/380
f 605/813/385 598/812/377 640/797/377 644/796/385
f 612/846/381 654/823/381 664/818/381 646/853/381
f 613/850/385 655/821/385 663/824/385 645/843/385
f 662/905/424 635/901/424 599/902/415 651/906/415
f 661/899/409 636/903/409 608/904/414 658/900/414
f 660/829/409 625/833/409 675/859/409 679/862/409
f 659/855/403 624/831/403 674/861/419 680/856/419
f 657/854/402 600/830/402 624/831/403 659/855/403
f 652/828/408 610/832/408 625/833/409 660/829/409
f 614/835/381 656/819/381 658/827/414 608/836/414
f 611/839/385 653/825/385 657/826/402 607/840/402
f 645/843/385 663/824/385 653/825/385 611/839/385
f 609/845/415 651/822/415 654/823/381 612/846/381
f 610/849/408 652/820/408 655/821/385 613/850/385
f 646/853/381 664/818/381 656/819/381 614/835/381
f 680/856/419 674/861/419 635/901/424 662/905/424
f 679/862/409 675/859/409 636/903/409 661/899/409
f 678/864/394 670/869/394 631/891/398 650/897/398
f 677/870/380 671/867/380 632/895/380 649/889/380
f 666/872/422 676/857/419 637/874/424 627/873/423
f 667/858/420 672/865/394 633/878/398 628/877/425
f 668/866/410 673/863/409 634/882/409 629/881/410
f 665/860/421 669/871/380 630/886/380 638/885/426
f 669/871/380 677/870/380 649/889/380 630/886/380
f 670/869/394 666/868/422 627/892/423 631/891/398
f 671/867/380 668/866/410 629/881/410 632/895/380
f 672/865/394 678/864/394 650/897/398 633/878/398
f 673/863/409 679/862/409 661/899/409 634/882/409
f 674/861/419 665/860/421 638/885/426 635/901/424
f 675/859/409 667/858/420 628/877/425 636/903/409
f 676/857/419 680/856/419 662/905/424 637/874/424
f 684/907/427 705/908/365 724/909/368 714/910/428
f 688/911/429 693/912/430 720/913/431 715/914/432
f 686/915/433 700/916/373 721/917/376 716/918/434
f 682/919/435 692/920/436 717/921/437 713/922/438
f 704/923/381 694/924/439 685/925/440 699/926/382
f 701/927/385 692/928/436 682/929/435 698/930/365
f 742/931/385 738/932/436 692/928/436 701/927/385
f 697/933/386 681/934/441 691/935/439 702/936/381
f 692/920/436 738/937/436 746/938/437 717/921/437
f 690/939/430 684/940/427 714/941/428 718/942/431
f 696/943/436 686/915/433 716/918/434 719/944/437
f 700/945/373 686/946/433 696/947/436 703/948/385
f 741/949/381 740/950/439 694/924/439 704/923/381
f 693/912/430 739/951/430 745/952/431 720/913/431
f 762/953/381 741/949/381 704/923/381 754/954/381
f 750/955/373 700/945/373 703/948/385 753/956/385
f 749/957/386 697/933/386 702/936/381 752/958/381
f 761/959/385 742/931/385 701/927/385 751/960/385
f 751/960/385 701/927/385 698/930/365 755/961/365
f 754/954/381 704/923/381 699/926/382 756/962/382
f 700/916/373 750/963/373 758/964/376 721/917/376
f 698/965/365 682/919/435 713/922/438 722/966/368
f 708/967/373 688/911/429 715/914/432 723/968/376
f 695/969/442 712/970/381 706/971/382 687/972/443
f 690/973/430 709/974/385 705/975/365 684/976/427
f 739/977/430 743/978/385 709/974/385 690/973/430
f 683/979/444 707/980/386 710/981/381 689/982/442
f 688/983/429 708/984/373 711/985/385 693/986/430
f 737/987/442 744/988/381 712/970/381 695/969/442
f 705/908/365 755/989/365 757/990/368 724/909/368
f 724/909/368 757/990/368 778/991/391 774/992/391
f 723/968/376 715/914/432 765/993/445 773/994/376
f 722/966/368 713/922/438 763/995/446 772/996/391
f 721/917/376 758/964/376 777/997/376 771/998/376
f 720/913/431 745/952/431 776/999/447 770/1000/447
f 719/944/437 716/918/434 766/1001/434 769/1002/437
f 718/942/431 714/941/428 764/1003/448 768/1004/447
f 717/921/437 746/938/437 775/1005/437 767/1006/437
f 713/922/438 717/921/437 767/1006/437 763/995/446
f 716/918/434 721/917/376 771/998/376 766/1001/434
f 715/914/432 720/913/431 770/1000/447 765/993/445
f 714/910/428 724/909/368 774/992/391 764/1007/448
f 725/1008/449 735/1009/396 707/1010/386 683/1011/444
f 726/1012/450 731/1013/451 695/1014/442 687/1015/443
f 727/1016/434 732/1017/376 699/1018/382 685/1019/440
f 736/1020/452 728/1021/437 691/1022/439 681/1023/441
f 728/1021/437 747/1024/437 740/1025/439 691/1022/439
f 729/1026/451 725/1027/449 683/1028/444 689/1029/442
f 730/1030/437 727/1016/434 685/1019/440 694/1031/439
f 731/1013/451 748/1032/451 737/1033/442 695/1014/442
f 732/1017/376 759/1034/376 756/1035/382 699/1018/382
f 733/1036/396 736/1020/452 681/1023/441 697/1037/386
f 734/1038/376 726/1012/450 687/1015/443 706/1039/382
f 735/1009/396 760/1040/396 749/1041/386 707/1010/386
f 748/1032/451 729/1026/451 689/1029/442 737/1033/442
f 747/1024/437 730/1030/437 694/1031/439 740/1025/439
f 746/938/437 719/944/437 769/1002/437 775/1005/437
f 745/952/431 718/942/431 768/1004/447 776/999/447
f 689/982/442 710/981/381 744/988/381 737/987/442
f 693/986/430 711/985/385 743/978/385 739/977/430
f 753/956/385 703/948/385 742/931/385 761/959/385
f 752/958/381 702/936/381 741/949/381 762/953/381
f 739/951/430 690/939/430 718/942/431 745/952/431
f 702/936/381 691/935/439 740/950/439 741/949/381
f 738/937/436 696/943/436 719/944/437 746/938/437
f 703/948/385 696/947/436 738/932/436 742/931/385
f 710/981/381 752/958/381 762/953/381 744/988/381
f 711/985/385 753/956/385 761/959/385 743/978/385
f 760/1040/396 733/1036/396 697/1037/386 749/1041/386
f 759/1034/376 734/1038/376 706/1039/382 756/1035/382
f 758/964/376 723/968/376 773/994/376 777/997/376
f 757/990/368 722/966/368 772/996/391 778/991/391
f 755/989/365 698/965/365 722/966/368 757/990/368
f 750/963/373 708/967/373 723/968/376 758/964/376
f 712/970/381 754/954/381 756/962/382 706/971/382
f 709/974/385 751/960/385 755/961/365 705/975/365
f 743/978/385 761/959/385 751/960/385 709/974/385
f 707/980/386 749/957/386 752/958/381 710/981/381
f 708/984/373 750/955/373 753/956/385 711/985/385
f 744/988/381 762/953/381 754/954/381 712/970/381
f 778/991/391 772/996/391 733/1036/396 760/1040/396
f 777/997/376 773/994/376 734/1038/376 759/1034/376
f 776/999/447 768/1004/447 729/1026/451 748/1032/451
f 775/1005/437 769/1002/437 730/1030/437 747/1024/437
f 764/1007/448 774/992/391 735/1009/396 725/1008/449
f 765/993/445 770/1000/447 731/1013/451 726/1012/450
f 766/1001/434 771/998/376 732/1017/376 727/1016/434
f 763/995/446 767/1006/437 728/1021/437 736/1020/452
f 767/1006/437 775/1005/437 747/1024/437 728/1021/437
f 768/1004/447 764/1003/448 725/1027/449 729/1026/451
f 769/1002/437 766/1001/434 727/1016/434 730/1030/437
f 770/1000/447 776/999/447 748/1032/451 731/1013/451
f 771/998/376 777/997/376 759/1034/376 732/1017/376
f 772/996/391 763/995/446 736/1020/452 733/1036/396
f 773/994/376 765/993/445 726/1012/450 734/1038/376
f 774/992/391 778/991/391 760/1040/396 735/1009/396
f 803/1042/402 782/1043/453 812/1044/454 822/1045/403
f 791/1046/430 786/1047/455 813/1048/456 818/1049/431
f 798/1050/408 784/1051/457 814/1052/458 819/1053/409
f 790/1054/436 780/1055/459 811/1056/460 815/1057/437
f 802/1058/381 797/1059/414 783/1060/461 792/1061/439
f 799/1062/385 796/1063/402 780/1064/459 790/1065/436
f 840/1066/385 799/1062/385 790/1065/436 836/1067/436
f 795/1068/415 800/1069/381 789/1070/439 779/1071/462
f 836/1072/436 790/1054/436 815/1057/437 844/1073/437
f 782/1074/453 788/1075/430 816/1076/431 812/1077/454
f 784/1051/457 794/1078/436 817/1079/437 814/1052/458
f 798/1080/408 801/1081/385 794/1082/436 784/1083/457
f 839/1084/381 802/1058/381 792/1061/439 838/1085/439
f 837/1086/430 791/1046/430 818/1049/431 843/1087/431
f 860/1088/381 852/1089/381 802/1058/381 839/1084/381
f 848/1090/408 851/1091/385 801/1081/385 798/1080/408
f 847/1092/415 850/1093/381 800/1069/381 795/1068/415
f 859/1094/385 849/1095/385 799/1062/385 840/1066/385
f 849/1095/385 853/1096/402 796/1063/402 799/1062/385
f 852/1089/381 854/1097/414 797/1059/414 802/1058/381
f 848/1098/408 798/1050/408 819/1053/409 856/1099/409
f 780/1055/459 796/1100/402 820/1101/403 811/1056/460
f 786/1047/455 806/1102/408 821/1103/409 813/1048/456
f 793/1104/442 785/1105/463 804/1106/414 810/1107/381
f 788/1108/430 782/1109/453 803/1110/402 807/1111/385
f 837/1112/430 788/1108/430 807/1111/385 841/1113/385
f 781/1114/464 787/1115/442 808/1116/381 805/1117/415
f 786/1118/455 791/1119/430 809/1120/385 806/1121/408
f 835/1122/442 793/1104/442 810/1107/381 842/1123/381
f 853/1124/402 803/1042/402 822/1045/403 855/1125/403
f 855/1125/403 822/1045/403 872/1126/419 876/1127/419
f 813/1048/456 821/1103/409 871/1128/409 863/1129/465
f 811/1056/460 820/1101/403 870/1130/419 861/1131/466
f 856/1099/409 819/1053/409 869/1132/409 875/1133/409
f 843/1087/431 818/1049/431 868/1134/447 874/1135/447
f 814/1052/458 817/1079/437 867/1136/437 864/1137/458
f 812/1077/454 816/1076/431 866/1138/447 862/1139/467
f 844/1073/437 815/1057/437 865/1140/437 873/1141/437
f 815/1057/437 811/1056/460 861/1131/466 865/1140/437
f 819/1053/409 814/1052/458 864/1137/458 869/1132/409
f 818/1049/431 813/1048/456 863/1129/465 868/1134/447
f 822/1045/403 812/1044/454 862/1142/467 872/1126/419
f 833/1143/424 823/1144/468 781/1145/464 805/1146/415
f 829/1147/451 824/1148/469 785/1149/463 793/1150/442
f 830/1151/409 825/1152/458 783/1153/461 797/1154/414
f 826/1155/437 834/1156/470 779/1157/462 789/1158/439
f 845/1159/437 826/1155/437 789/1158/439 838/1160/439
f 823/1161/468 827/1162/451 787/1163/442 781/1164/464
f 825/1152/458 828/1165/437 792/1166/439 783/1153/461
f 846/1167/451 829/1147/451 793/1150/442 835/1168/442
f 857/1169/409 830/1151/409 797/1154/414 854/1170/414
f 834/1156/470 831/1171/424 795/1172/415 779/1157/462
f 824/1148/469 832/1173/409 804/1174/414 785/1149/463
f 858/1175/424 833/1143/424 805/1146/415 847/1176/415
f 827/1162/451 846/1167/451 835/1168/442 787/1163/442
f 828/1165/437 845/1159/437 838/1160/439 792/1166/439
f 817/1079/437 844/1073/437 873/1141/437 867/1136/437
f 816/1076/431 843/1087/431 874/1135/447 866/1138/447
f 787/1115/442 835/1122/442 842/1123/381 808/1116/381
f 791/1119/430 837/1112/430 841/1113/385 809/1120/385
f 851/1091/385 859/1094/385 840/1066/385 801/1081/385
f 850/1093/381 860/1088/381 839/1084/381 800/1069/381
f 788/1075/430 837/1086/430 843/1087/431 816/1076/431
f 800/1069/381 839/1084/381 838/1085/439 789/1070/439
f 794/1078/436 836/1072/436 844/1073/437 817/1079/437
f 801/1081/385 840/1066/385 836/1067/436 794/1082/436
f 808/1116/381 842/1123/381 860/1088/381 850/1093/381
f 809/1120/385 841/1113/385 859/1094/385 851/1091/385
f 831/1171/424 858/1175/424 847/1176/415 795/1172/415
f 832/1173/409 857/1169/409 854/1170/414 804/1174/414
f 821/1103/409 856/1099/409 875/1133/409 871/1128/409
f 820/1101/403 855/1125/403 876/1127/419 870/1130/419
f 796/1100/402 853/1124/402 855/1125/403 820/1101/403
f 806/1102/408 848/1098/408 856/1099/409 821/1103/409
f 810/1107/381 804/1106/414 854/1097/414 852/1089/381
f 807/1111/385 803/1110/402 853/1096/402 849/1095/385
f 841/1113/385 807/1111/385 849/1095/385 859/1094/385
f 805/1117/415 808/1116/381 850/1093/381 847/1092/415
f 806/1121/408 809/1120/385 851/1091/385 848/1090/408
f 842/1123/381 810/1107/381 852/1089/381 860/1088/381
f 870/1130/419 876/1127/419 858/1175/424 831/1171/424
f 871/1128/409 875/1133/409 857/1169/409 832/1173/409
f 866/1138/447 874/1135/447 846/1167/451 827/1162/451
f 867/1136/437 873/1141/437 845/1159/437 828/1165/437
f 872/1126/419 862/1142/467 823/1144/468 833/1143/424
f 868/1134/447 863/1129/465 824/1148/469 829/1147/451
f 869/1132/409 864/1137/458 825/1152/458 830/1151/409
f 865/1140/437 861/1131/466 834/1156/470 826/1155/437
f 873/1141/437 865/1140/437 826/1155/437 845/1159/437
f 862/1139/467 866/1138/447 827/1162/451 823/1161/468
f 864/1137/458 867/1136/437 828/1165/437 825/1152/458
f 874/1135/447 868/1134/447 829/1147/451 846/1167/451
f 875/1133/409 869/1132/409 830/1151/409 857/1169/409
f 861/1131/466 870/1130/419 831/1171/424 834/1156/470
f 863/1129/465 871/1128/409 832/1173/409 824/1148/469
f 876/1127/419 872/1126/419 833/1143/424 858/1175/424
